ip_address,name,as_number,as_org,country_code,city,version,error,dnssec,reliability,checked_at,created_at
203.119.36.106,nscache2.vnnic.net.vn.,24066,Vietnam Internet Network Information Center,VN,,Hum....m,,true,1.00,2021-04-23T22:24:56Z,2021-02-12T16:57:26Z
103.74.113.28,vetc-public-dns-b.vetc.com.vn.,63758,VETC Corporation,VN,,,,false,0.80,2022-08-22T09:26:23Z,2021-05-14T06:18:48Z
222.252.24.180,static.vnpt-hanoi.com.vn.,45899,VNPT Corp,VN,Hanoi,,,false,0.78,2021-10-08T08:01:34Z,2021-09-24T01:34:46Z
203.113.132.171,,7552,Viettel Group,VN,Hanoi,Microsoft DNS 6.1.7601 (1DB15F75),,false,0.99,2021-10-08T08:03:26Z,2021-09-25T20:41:13Z
113.191.251.66,static.vnpt.vn.,45899,VNPT Corp,VN,,Microsoft DNS 6.1.7601 (1DB15F75),,false,1.00,2021-09-26T02:17:34Z,2021-09-26T02:17:34Z
183.91.184.14,ns1.gtelmiennam.vn.,131127,Global Telecom Corp,VN,,9.8.2rc1-RedHat-9.8.2-0.68.rc1.el6_10.8,,true,1.00,2021-09-26T02:20:51Z,2021-09-26T02:20:51Z
14.160.3.78,static.vnpt.vn.,45899,VNPT Corp,VN,Hanoi,,,false,1.00,2021-09-26T13:33:34Z,2021-09-26T13:33:34Z
210.245.54.97,lebrothers.com.,18403,The Corporation for Financing & Promoting Technology,VN,Hanoi,,,false,1.00,2021-10-02T00:01:45Z,2021-09-28T07:54:44Z
180.93.32.190,,7602,Saigon Postel Corporation,VN,Da Nang,,,false,0.73,2021-10-08T08:00:59Z,2021-09-28T11:00:51Z
117.103.228.101,hn.vtc.vn.,38248,VTC,VN,,PowerDNS Authoritative Server 3.3.3 (jenkins@autotest.powerdns.com built 20150610125050 mockbuild@),,true,1.00,2021-11-09T18:10:18Z,2021-10-01T17:14:17Z
27.71.237.148,,38731,CHT Compamy Ltd,VN,,dnsmasq-pi-hole-2.86,,false,1.00,2021-10-01T23:04:06Z,2021-10-01T23:04:06Z
103.199.16.71,,63734,365 Online technology joint stock company,VN,Hanoi,dnsmasq-pi-hole-2.85,,false,1.00,2021-10-01T23:10:15Z,2021-10-01T23:10:15Z
42.112.38.56,,18403,The Corporation for Financing & Promoting Technology,VN,,dnsmasq-pi-hole-2.82,,false,1.00,2021-10-01T23:16:42Z,2021-10-01T23:16:42Z
103.90.220.81,,135905,VIETNAM POSTS AND TELECOMMUNICATIONS GROUP,VN,,dnsmasq-pi-hole-2.84,,false,1.00,2021-10-01T23:22:02Z,2021-10-01T23:22:02Z
45.122.221.222,,56150,Viet Solutions Services Trading Company Limited,VN,,dnsmasq-pi-hole-2.85,,false,1.00,2021-10-01T23:26:35Z,2021-10-01T23:26:35Z
118.70.12.18,,18403,The Corporation for Financing & Promoting Technology,VN,Hanoi,dnsmasq-pi-hole-2.87test3,,false,1.00,2021-10-01T23:28:22Z,2021-10-01T23:28:22Z
103.82.198.10,static.econetvn.com.,135908,ECONET VIETNAM CORPORATION,VN,,dnsmasq-pi-hole-2.82,,false,1.00,2021-10-02T00:23:02Z,2021-10-02T00:23:02Z
103.82.198.11,static.econetvn.com.,135908,ECONET VIETNAM CORPORATION,VN,,dnsmasq-pi-hole-2.81,,false,1.00,2021-10-02T00:35:37Z,2021-10-02T00:35:37Z
14.226.240.39,static.vnpt.vn.,45899,VNPT Corp,VN,Ho Chi Minh City,dnsmasq-pi-hole-2.81,,false,1.00,2021-10-02T00:36:42Z,2021-10-02T00:36:42Z
103.15.48.210,sv48d210.emailserver.vn.,45538,ODS Joint Stock Company,VN,,dnsmasq-pi-hole-2.86,,false,1.00,2021-10-02T16:13:20Z,2021-10-02T16:13:20Z
203.113.172.62,,7552,Viettel Group,VN,,dnsmasq-pi-hole-2.85,,false,1.00,2021-10-02T16:14:32Z,2021-10-02T16:14:32Z
115.79.42.39,,7552,Viettel Group,VN,Ho Chi Minh City,dnsmasq-pi-hole-2.80,,false,1.00,2021-10-02T16:42:10Z,2021-10-02T16:42:10Z
119.17.215.64,static.netnam.vn.,24173,Netnam Company,VN,Hanoi,dnsmasq-pi-hole-2.86,,false,1.00,2021-10-02T16:45:22Z,2021-10-02T16:45:22Z
112.197.12.40,,45543,SaiGon Tourist cable Televition Company,VN,Ho Chi Minh City,dnsmasq-pi-hole-2.85,,false,1.00,2021-10-02T16:52:32Z,2021-10-02T16:52:32Z
123.30.164.136,fecredit.com.vn.,7643,Vietnam Posts and Telecommunications VNPT,VN,,dnsmasq-pi-hole-2.85,,false,1.00,2021-10-02T16:57:17Z,2021-10-02T16:57:17Z
103.149.172.88,dc254.etrustcloud.com.,131382,"ETRUSTCLOUD Company, Ltd.",VN,,,,true,1.00,2021-10-02T17:23:15Z,2021-10-02T17:23:15Z
61.28.238.20,,38244,VNG Corporation,VN,,dnsmasq-pi-hole-2.83,,false,1.00,2021-10-02T17:43:28Z,2021-10-02T17:43:28Z
103.149.172.87,dc254.etrustcloud.com.,131382,"ETRUSTCLOUD Company, Ltd.",VN,,,,true,1.00,2021-10-02T17:53:48Z,2021-10-02T17:53:48Z
115.75.177.224,,7552,Viettel Group,VN,Ho Chi Minh City,,,false,1.00,2021-10-03T12:12:58Z,2021-10-03T12:12:58Z
14.160.32.23,,45899,VNPT Corp,VN,Hanoi,,,false,0.82,2021-10-08T08:03:21Z,2021-10-07T10:46:42Z
115.77.191.25,,7552,Viettel Group,VN,Ho Chi Minh City,,,false,0.68,2021-10-08T08:00:52Z,2021-10-07T13:16:41Z
123.25.116.228,static.vdc.vn.,45899,VNPT Corp,VN,Huế,,,false,0.92,2021-10-08T08:00:43Z,2021-10-07T16:13:47Z
14.161.252.185,static.vnpt.vn.,45899,VNPT Corp,VN,Ho Chi Minh City,,,false,0.75,2021-10-16T16:02:25Z,2021-10-14T12:34:06Z
117.2.28.235,localhost.,7552,Viettel Group,VN,Nha Trang,,,false,0.97,2021-11-09T15:06:23Z,2021-10-31T02:15:30Z
171.233.151.214,dynamic-ip-adsl.viettel.vn.,7552,Viettel Group,VN,Ho Chi Minh City,,,false,0.96,2021-11-09T23:21:49Z,2021-11-07T13:18:23Z
103.21.120.86,,131368,Petro Viet Nam Oil Corporation,VN,,,,false,0.99,2022-02-17T13:12:42Z,2022-01-22T13:52:37Z
103.21.120.85,,131368,Petro Viet Nam Oil Corporation,VN,,,,false,1.00,2022-01-31T13:07:08Z,2022-01-22T13:52:48Z
103.151.56.2,dns.vietdns.vn.,63739,VIETPN Company Limited,VN,,9.16.1-Ubuntu,,true,1.00,2022-08-21T01:07:40Z,2022-08-21T01:07:40Z
103.151.57.2,dns.vietdns.vn.,63739,VIETPN Company Limited,VN,,9.16.1-Ubuntu,,true,1.00,2022-08-21T01:07:45Z,2022-08-21T01:07:45Z
103.151.56.56,ns.vietdns.vn.,63739,VIETPN Company Limited,VN,,9.11.4-P2-RedHat-9.11.4-26.P2.el7_9.9,,true,1.00,2022-08-21T11:48:35Z,2022-08-21T11:48:35Z
103.151.57.57,ns.vietdns.vn.,63739,VIETPN Company Limited,VN,,9.16.1-Ubuntu,,true,1.00,2022-08-21T11:49:48Z,2022-08-21T11:49:48Z
14.225.24.83,static.vnpt.vn.,135905,VIETNAM POSTS AND TELECOMMUNICATIONS GROUP,VN,,,,true,0.98,2022-08-30T19:26:08Z,2022-08-22T01:32:14Z
14.225.24.84,static.vnpt.vn.,135905,VIETNAM POSTS AND TELECOMMUNICATIONS GROUP,VN,,,,true,0.96,2022-08-26T07:26:08Z,2022-08-22T01:32:23Z
123.30.184.141,ns2.vmms.vn.,45899,VNPT Corp,VN,,,,false,0.79,2022-12-14T13:05:54Z,2022-08-23T03:02:43Z
210.245.87.16,ns1.vmms.vn.,18403,FPT Telecom Company,VN,,,,false,0.96,2022-08-25T10:25:02Z,2022-08-23T03:02:59Z
14.225.232.26,static.vnpt.vn.,135905,VIETNAM POSTS AND TELECOMMUNICATIONS GROUP,VN,Ho Chi Minh City,9.11.4-P2-RedHat-9.11.4-26.P2.el7_9.8,,true,1.00,2022-08-25T10:25:03Z,2022-08-23T03:08:50Z
123.30.187.240,static.vnpt.vn.,45899,VNPT Corp,VN,Hanoi,,,true,0.91,2022-09-02T12:25:03Z,2022-08-23T03:21:11Z
14.225.232.19,static.vnpt.vn.,135905,VIETNAM POSTS AND TELECOMMUNICATIONS GROUP,VN,Ho Chi Minh City,9.8.2rc1-RedHat-9.8.2-0.68.rc1.el6_10.7,,true,1.00,2022-08-23T09:26:11Z,2022-08-23T03:21:17Z
103.48.78.156,ns1.thegioididong.com.,131425,The gioi di dong jsc,VN,,9.9.4-RedHat-9.9.4-61.el7,,false,0.99,2022-09-02T13:26:05Z,2022-08-23T03:30:07Z
103.48.78.157,ns.thegioididong.com.,131425,The gioi di dong jsc,VN,,9.9.4-RedHat-9.9.4-61.el7,,false,1.00,2022-09-19T09:31:09Z,2022-08-23T03:30:09Z
203.113.172.91,ns2.thegioididong.com.,38731,CHT Compamy Ltd,VN,,9.9.4-RedHat-9.9.4-74.el7_6.1,,false,1.00,2022-09-23T13:33:16Z,2022-08-23T03:30:28Z
202.6.96.4,ns2.vnanet.vn.,23999,Vietnam News Agency,VN,,,,false,1.00,2022-12-06T23:01:32Z,2022-08-23T03:38:44Z
222.255.237.207,static.vnpt.vn.,7643,Vietnam Posts and Telecommunications VNPT,VN,Hanoi,PowerDNS Authoritative Server 3.3.3 (jenkins@autotest.powerdns.com built 20161031213210 mockbuild@),,true,1.00,2022-08-23T16:44:04Z,2022-08-23T03:38:54Z
103.137.156.3,ns3.vnanet.vn.,23999,Vietnam News Agency,VN,,,,false,0.96,2022-09-01T01:27:34Z,2022-08-23T03:47:49Z
202.6.96.3,ns1.vnanet.vn.,23999,Vietnam News Agency,VN,,,,false,0.89,2022-09-23T13:33:20Z,2022-08-23T03:48:38Z
103.196.16.3,,131438,VIETNAM POST,VN,,,,false,1.00,2022-08-23T07:27:26Z,2022-08-23T03:54:17Z
49.156.53.166,,56141,Danang ICT Infrastructure Development Center,VN,,,,false,1.00,2022-08-23T07:27:36Z,2022-08-23T03:57:27Z
202.78.224.129,,24085,Quang Trung Software City Development Company,VN,Ho Chi Minh City,,,false,1.00,2022-08-23T07:27:26Z,2022-08-23T04:03:09Z
49.156.53.165,,56141,Danang ICT Infrastructure Development Center,VN,,,,false,1.00,2022-08-23T16:45:48Z,2022-08-23T04:03:25Z
103.7.172.7,,131369,Ministry of Agriculture and Rural Development,VN,,,,false,0.86,2022-08-29T09:24:06Z,2022-08-23T04:28:46Z
103.7.172.8,,131369,Ministry of Agriculture and Rural Development,VN,,,,false,0.79,2022-09-08T06:26:21Z,2022-08-23T04:28:54Z
118.69.174.70,mail.namtinit.com.,18403,FPT Telecom Company,VN,Ho Chi Minh City,,,true,0.98,2022-08-26T04:26:13Z,2022-08-23T04:29:12Z
118.69.174.71,smtp.namtinit.com.,18403,FPT Telecom Company,VN,Ho Chi Minh City,,,true,0.99,2022-08-31T07:23:54Z,2022-08-23T04:29:14Z
202.78.224.130,,24085,Quang Trung Software City Development Company,VN,Ho Chi Minh City,,,false,1.00,2022-12-06T23:01:16Z,2022-08-23T04:29:18Z
222.255.167.61,static.vnpt.vn.,45899,VNPT Corp,VN,Hanoi,9.4.2-P2-W2,,false,1.00,2022-08-24T16:31:06Z,2022-08-23T04:29:47Z
203.113.135.26,mail.boxaydung.vn.,7552,Viettel Group,VN,Ho Chi Minh City,9.9.5-4.3ubuntu0.3-Ubuntu,,false,1.00,2022-09-10T22:29:35Z,2022-08-23T07:01:02Z
203.113.135.28,mail.moc.gov.vn.,7552,Viettel Group,VN,Ho Chi Minh City,9.9.5-4.3ubuntu0.3-Ubuntu,,false,0.91,2022-09-26T23:31:07Z,2022-08-23T07:01:04Z
116.100.88.123,dynamic-ip-adsl.viettel.vn.,7552,Viettel Group,VN,Hanoi,,,false,1.00,2022-09-09T23:33:07Z,2022-08-23T07:04:23Z
202.78.224.134,DNSSEC.qtsctelecom.vn.,24085,Quang Trung Software City Development Company,VN,Ho Chi Minh City,,,false,1.00,2022-12-18T08:10:04Z,2022-08-23T07:04:53Z
203.113.148.12,,7552,Viettel Group,VN,,,,false,0.98,2022-09-06T12:23:54Z,2022-08-23T07:04:56Z
123.30.27.24,static.vnpt.vn.,45899,VNPT Corp,VN,Thanh Hóa,,,false,1.00,2022-08-28T03:27:07Z,2022-08-23T07:11:26Z
58.186.80.17,,18403,FPT Telecom Company,VN,Hanoi,,,false,1.00,2022-08-23T16:45:23Z,2022-08-23T07:11:52Z
58.186.80.18,,18403,FPT Telecom Company,VN,Hanoi,,,false,1.00,2022-08-23T16:45:49Z,2022-08-23T07:11:54Z
103.239.32.81,,131417,Vietnam National Coaland Mineral Industries Holding Corporation Limited,VN,,,,false,1.00,2022-08-23T07:27:59Z,2022-08-23T07:27:59Z
116.193.64.22,,24085,Quang Trung Software City Development Company,VN,Ho Chi Minh City,,,false,1.00,2022-08-23T07:28:21Z,2022-08-23T07:28:21Z
118.69.187.252,,18403,FPT Telecom Company,VN,Ho Chi Minh City,PowerDNS Authoritative Server 3.4.1 (jenkins@autotest.powerdns.com built 20141030110058 root@autotest.powerdns.com),,true,1.00,2022-08-23T07:28:33Z,2022-08-23T07:28:33Z
118.69.197.57,erf.satrdaymarkets.com.,18403,FPT Telecom Company,VN,Ho Chi Minh City,,,false,1.00,2022-08-23T07:28:47Z,2022-08-23T07:28:47Z
14.161.2.38,static.vnpt.vn.,45899,VNPT Corp,VN,Ho Chi Minh City,PowerDNS Authoritative Server 3.4.10 (jenkins@autotest.powerdns.com built 20160909155148 mockbuild@buildhw-04.phx2.fedoraproject.org),,true,1.00,2022-08-23T07:28:54Z,2022-08-23T07:28:54Z
203.113.130.221,dns.vnu.edu.vn.,7552,Viettel Group,VN,,9.3.6-P1-RedHat-9.3.6-25.P1.el5_11.12,,false,1.00,2022-08-23T07:29:02Z,2022-08-23T07:29:02Z
103.239.32.36,web-server.vinacomin.vn.,131417,Vietnam National Coaland Mineral Industries Holding Corporation Limited,VN,,,,false,1.00,2022-08-23T07:37:29Z,2022-08-23T07:37:29Z
116.193.64.16,,24085,Quang Trung Software City Development Company,VN,Ho Chi Minh City,,,false,1.00,2022-08-23T07:38:24Z,2022-08-23T07:38:24Z
202.43.108.1,ns1.dts.com.vn.,45552,DTS Telecom Company Limited,VN,,PowerDNS Authoritative Server 3.3.3 (jenkins@autotest.powerdns.com built 20161031213210 mockbuild@),,true,1.00,2022-08-23T07:38:47Z,2022-08-23T07:38:47Z
202.43.108.2,ns2.dts.com.vn.,45552,DTS Telecom Company Limited,VN,,PowerDNS Authoritative Server 3.3.3 (jenkins@autotest.powerdns.com built 20161031213218 mockbuild@),,true,1.00,2022-08-23T07:38:49Z,2022-08-23T07:38:49Z
27.71.233.116,,38731,CHT Compamy Ltd,VN,,,,false,1.00,2022-08-23T07:39:45Z,2022-08-23T07:39:45Z
222.255.167.73,static.vnpt.vn.,45899,VNPT Corp,VN,Hanoi,9.3.6-P1-RedHat-9.3.6-20.P1.el5_8.1,,false,1.00,2022-08-23T07:45:32Z,2022-08-23T07:45:32Z
101.53.12.102,ci96.97-102.netnam.vn.,24176,Branch of Netnam Company in Ho Chi Minh City,VN,,,,false,1.00,2022-08-23T07:54:20Z,2022-08-23T07:54:20Z
103.147.187.246,,131378,Cloud Viet Technology Company Limited,VN,,9.11.4-P2-RedHat-9.11.4-26.P2.el7_9.5,,true,1.00,2022-08-23T07:54:25Z,2022-08-23T07:54:25Z
110.35.78.65,ns1.beeline.vn.,45546,Gtel Mobile Joint Stock Company,VN,,,,false,1.00,2022-08-23T07:55:06Z,2022-08-23T07:55:06Z
110.35.78.66,ns2.gmobile.vn.,45546,Gtel Mobile Joint Stock Company,VN,,,,false,1.00,2022-08-23T07:55:13Z,2022-08-23T07:55:13Z
125.234.254.184,125.234.254.184.hcm.viettel.vn.,7552,Viettel Group,VN,Hanoi,,,false,1.00,2022-08-23T07:55:55Z,2022-08-23T07:55:55Z
113.161.86.104,static.vnpt.vn.,45899,VNPT Corp,VN,Ho Chi Minh City,9.16.1-Ubuntu,,true,1.00,2022-08-23T08:11:34Z,2022-08-23T08:11:34Z
103.160.248.44,ns1.binhdinh.gov.vn.,140768,Binh Dinh Department of Information and Communications,VN,,9.11.13-RedHat-9.11.13-6.el8_2.1,,true,1.00,2022-08-23T08:15:15Z,2022-08-23T08:15:15Z
103.160.248.45,ns2.binhdinh.gov.vn.,140768,Binh Dinh Department of Information and Communications,VN,,9.11.13-RedHat-9.11.13-6.el8_2.1,,true,1.00,2022-08-23T08:15:24Z,2022-08-23T08:15:24Z
103.74.122.91,sv122091.bkns.vn.,135967,Bach Kim Network solutions Join stock company,VN,,,,false,1.00,2022-08-23T08:15:30Z,2022-08-23T08:15:30Z
113.161.182.253,mail.vnptbinhphuoc.com.vn.,45899,VNPT Corp,VN,Thu Duc,Microsoft DNS 6.1.7601 (1DB15F75),,false,1.00,2022-08-23T08:15:41Z,2022-08-23T08:15:41Z
116.118.119.167,,7602,Saigon Postel Corporation,VN,Ho Chi Minh City,9.16.1-Ubuntu,,true,1.00,2022-08-23T08:15:44Z,2022-08-23T08:15:44Z
118.69.170.36,,18403,FPT Telecom Company,VN,Ho Chi Minh City,,,false,1.00,2022-08-23T08:15:50Z,2022-08-23T08:15:50Z
14.161.47.108,static.vnpt.vn.,45899,VNPT Corp,VN,Ho Chi Minh City,9.16.1-Ubuntu,,true,1.00,2022-08-23T08:16:06Z,2022-08-23T08:16:06Z
203.162.125.129,static.vnpt.vn.,45899,VNPT Corp,VN,,9.11.4-P2-RedHat-9.11.4-26.P2.el7_9.9,,true,1.00,2022-08-23T08:16:13Z,2022-08-23T08:16:13Z
222.255.206.232,static.vnpt.vn.,45899,VNPT Corp,VN,Ho Chi Minh City,9.16.1-Ubuntu,,true,1.00,2022-08-23T08:16:33Z,2022-08-23T08:16:33Z
103.139.14.2,,135972,Quang Nam Department of Information and Communications,VN,,,,false,1.00,2022-08-23T08:22:31Z,2022-08-23T08:22:31Z
118.69.109.45,,18403,FPT Telecom Company,VN,Ho Chi Minh City,UNKNOWN,,true,1.00,2022-08-23T08:23:15Z,2022-08-23T08:23:15Z
14.238.96.162,static.vnpt.vn.,45899,VNPT Corp,VN,Ho Chi Minh City,Microsoft DNS 6.0.6003 (1773501D),,false,1.00,2022-08-23T08:23:22Z,2022-08-23T08:23:22Z
171.251.51.138,,7552,Viettel Group,VN,Da Nang,9.11.36-RedHat-9.11.36-3.el8,,false,0.91,2022-09-02T06:25:56Z,2022-08-23T08:35:45Z
113.161.116.121,static.vnpt.vn.,45899,VNPT Corp,VN,Ho Chi Minh City,9.11.4-P2-RedHat-9.11.4-26.P2.el7_9.9,,true,0.88,2022-08-25T10:25:04Z,2022-08-23T08:39:18Z
125.234.104.230,125.234.104.230.hcm.viettel.vn.,7552,Viettel Group,VN,Ho Chi Minh City,,,false,1.00,2022-08-23T16:45:23Z,2022-08-23T08:40:23Z
14.238.93.131,,45899,VNPT Corp,VN,Ho Chi Minh City,,,false,0.96,2022-08-26T07:26:09Z,2022-08-23T08:40:26Z
27.76.137.77,localhost.,7552,Viettel Group,VN,Thanh Hóa,Microsoft DNS 6.1.7601 (1DB1446A),,false,1.00,2022-12-06T23:01:00Z,2022-08-23T09:10:54Z
118.68.218.173,,18403,FPT Telecom Company,VN,Hanoi,,,false,1.00,2022-12-06T23:00:58Z,2022-08-23T09:12:42Z
118.70.203.68,,18403,FPT Telecom Company,VN,Hanoi,,,false,0.75,2022-12-06T23:01:03Z,2022-08-23T09:12:46Z
45.125.208.8,ns1.mobifoneglobal.vn.,45896,Mobifone Global JSC,VN,,9.8.2rc1-RedHat-9.8.2-0.62.rc1.el6_9.5,,true,1.00,2022-12-06T23:01:32Z,2022-08-23T09:13:23Z
45.125.211.11,ns2.mobifoneglobal.vn.,45896,Mobifone Global JSC,VN,,9.8.2rc1-RedHat-9.8.2-0.62.rc1.el6_9.5,,true,1.00,2022-08-23T09:13:26Z,2022-08-23T09:13:26Z
123.31.40.97,static.vnpt.vn.,135905,VIETNAM POSTS AND TELECOMMUNICATIONS GROUP,VN,Vũng Tàu,PowerDNS Authoritative Server 3.3.3 (jenkins@autotest.powerdns.com built 20161031213210 mockbuild@),,true,1.00,2022-08-23T09:17:29Z,2022-08-23T09:17:29Z
14.225.246.17,static.vnpt.vn.,135905,VIETNAM POSTS AND TELECOMMUNICATIONS GROUP,VN,Hanoi,PowerDNS Authoritative Server 3.3.3 (jenkins@autotest.powerdns.com built 20161031213210 mockbuild@),,true,1.00,2022-08-23T09:17:42Z,2022-08-23T09:17:42Z
202.87.213.253,,38249,KIS Viet Nam Securities Corporations,VN,,Served by PowerDNS - http://www.powerdns.com,,true,1.00,2022-08-23T09:18:38Z,2022-08-23T09:18:38Z
202.87.214.253,,38249,KIS Viet Nam Securities Corporations,VN,,Served by PowerDNS - http://www.powerdns.com,,true,1.00,2022-08-23T09:18:40Z,2022-08-23T09:18:40Z
203.162.125.130,static.vnpt.vn.,45899,VNPT Corp,VN,,9.11.4-P2-RedHat-9.11.4-26.P2.el7_9.10,,true,0.67,2022-12-06T23:01:07Z,2022-08-24T00:38:29Z
113.161.152.57,fulinvn.com.,45899,VNPT Corp,VN,Bien Hoa,,,false,1.00,2022-12-06T23:01:09Z,2022-08-24T00:58:47Z
113.191.253.82,static.vnpt.vn.,45899,VNPT Corp,VN,Hanoi,Microsoft DNS 6.1.7601 (1DB14556),,false,1.00,2022-12-06T23:01:18Z,2022-08-24T00:58:59Z
210.245.2.227,,18403,FPT Telecom Company,VN,Hanoi,,,false,1.00,2022-08-24T01:00:25Z,2022-08-24T01:00:25Z
103.3.254.20,,56149,Cong ty CP Truyen thong quoc te Incom,VN,,,,false,1.00,2022-08-24T01:10:49Z,2022-08-24T01:10:49Z
125.234.238.3,,7552,Viettel Group,VN,Hanoi,,,false,1.00,2022-08-24T01:11:18Z,2022-08-24T01:11:18Z
210.245.31.102,static.fpt.vn.,18403,FPT Telecom Company,VN,Bien Hoa,,,false,1.00,2022-08-24T01:11:58Z,2022-08-24T01:11:58Z
101.96.66.202,ci96.66-202.netnam.vn.,24173,Netnam Company,VN,Hanoi,,,false,1.00,2022-08-24T01:14:23Z,2022-08-24T01:14:23Z
222.255.158.38,static.vnpt.vn.,45899,VNPT Corp,VN,Da Nang,9.11.36-RedHat-9.11.36-3.el8,,false,0.99,2022-09-20T06:32:02Z,2022-08-25T15:10:39Z
1.52.71.113,,18403,FPT Telecom Company,VN,Bac Giang,dnsmasq-2.80,,false,0.83,2022-09-01T11:25:51Z,2022-08-26T22:30:39Z
1.52.117.230,,18403,FPT Telecom Company,VN,Da Nang,dnsmasq-2.80,,false,0.92,2022-08-28T03:30:41Z,2022-08-26T22:31:49Z
1.52.129.15,,18403,FPT Telecom Company,VN,Ho Chi Minh City,dnsmasq-2.80,,false,1.00,2022-08-26T22:38:10Z,2022-08-26T22:32:09Z
1.52.147.168,,18403,FPT Telecom Company,VN,Da Lat,dnsmasq-2.80,,false,1.00,2022-08-26T22:38:14Z,2022-08-26T22:32:38Z
1.52.148.143,,18403,FPT Telecom Company,VN,Da Lat,dnsmasq-2.80,,false,1.00,2022-08-26T22:38:16Z,2022-08-26T22:32:39Z
1.52.157.3,,18403,FPT Telecom Company,VN,Ho Chi Minh City,dnsmasq-2.80,,false,1.00,2022-08-26T22:38:15Z,2022-08-26T22:32:52Z
1.52.157.64,,18403,FPT Telecom Company,VN,Ho Chi Minh City,dnsmasq-2.80,,false,1.00,2022-08-26T22:38:15Z,2022-08-26T22:32:53Z
1.52.180.186,,18403,FPT Telecom Company,VN,Hanoi,dnsmasq-2.80,,false,1.00,2022-08-27T02:33:51Z,2022-08-26T22:33:33Z
1.52.223.42,,18403,FPT Telecom Company,VN,Yen Bai,,,false,1.00,2022-08-26T22:34:42Z,2022-08-26T22:34:42Z
1.52.225.26,,18403,FPT Telecom Company,VN,Ho Chi Minh City,dnsmasq-2.80,,false,1.00,2022-08-26T22:34:46Z,2022-08-26T22:34:46Z
1.52.231.40,,18403,FPT Telecom Company,VN,Ho Chi Minh City,dnsmasq-2.80,,false,1.00,2022-08-26T22:34:56Z,2022-08-26T22:34:56Z
1.52.238.37,,18403,FPT Telecom Company,VN,Ho Chi Minh City,dnsmasq-2.80,,false,1.00,2022-08-26T22:35:05Z,2022-08-26T22:35:05Z
1.52.240.103,,18403,FPT Telecom Company,VN,Ho Chi Minh City,dnsmasq-2.80,,false,1.00,2022-08-26T22:35:09Z,2022-08-26T22:35:09Z
1.52.243.70,,18403,FPT Telecom Company,VN,Ho Chi Minh City,dnsmasq-2.80,,false,1.00,2022-08-26T22:35:14Z,2022-08-26T22:35:14Z
1.52.243.106,,18403,FPT Telecom Company,VN,Ho Chi Minh City,dnsmasq-2.80,,false,1.00,2022-08-26T22:35:14Z,2022-08-26T22:35:14Z
1.52.245.139,,18403,FPT Telecom Company,VN,Ho Chi Minh City,,,false,1.00,2022-08-26T22:35:18Z,2022-08-26T22:35:18Z
1.52.245.59,,18403,FPT Telecom Company,VN,Ho Chi Minh City,dnsmasq-2.80,,false,1.00,2022-08-26T22:35:18Z,2022-08-26T22:35:18Z
1.52.245.206,,18403,FPT Telecom Company,VN,Ho Chi Minh City,dnsmasq-2.80,,false,1.00,2022-08-26T22:35:18Z,2022-08-26T22:35:18Z
1.52.246.154,,18403,FPT Telecom Company,VN,Ho Chi Minh City,dnsmasq-2.80,,false,1.00,2022-08-26T22:35:21Z,2022-08-26T22:35:21Z
1.52.249.140,,18403,FPT Telecom Company,VN,Trung Kinh,dnsmasq-2.80,,false,1.00,2022-08-26T22:35:25Z,2022-08-26T22:35:25Z
1.52.255.104,,18403,FPT Telecom Company,VN,Hanoi,dnsmasq-2.80,,false,1.00,2022-08-26T22:35:33Z,2022-08-26T22:35:33Z
1.53.0.80,,18403,FPT Telecom Company,VN,Ho Chi Minh City,dnsmasq-2.80,,false,1.00,2022-08-26T22:35:38Z,2022-08-26T22:35:38Z
1.53.0.166,,18403,FPT Telecom Company,VN,Ho Chi Minh City,dnsmasq-2.80,,false,1.00,2022-08-26T22:35:40Z,2022-08-26T22:35:40Z
1.53.19.37,,18403,FPT Telecom Company,VN,Hanoi,dnsmasq-2.80,,false,1.00,2022-08-26T22:36:12Z,2022-08-26T22:36:12Z
1.53.21.137,,18403,FPT Telecom Company,VN,Hanoi,dnsmasq-2.80,,false,1.00,2022-08-26T22:36:17Z,2022-08-26T22:36:17Z
1.53.24.77,,18403,FPT Telecom Company,VN,Hanoi,dnsmasq-2.80,,false,1.00,2022-08-26T22:36:24Z,2022-08-26T22:36:24Z
1.53.34.29,,18403,FPT Telecom Company,VN,Hanoi,dnsmasq-2.80,,false,1.00,2022-08-26T22:36:36Z,2022-08-26T22:36:36Z
1.53.35.67,,18403,FPT Telecom Company,VN,Hanoi,dnsmasq-2.80,,false,1.00,2022-08-26T22:36:38Z,2022-08-26T22:36:38Z
1.53.45.205,,18403,FPT Telecom Company,VN,Ho Chi Minh City,dnsmasq-2.80,,false,1.00,2022-08-26T22:36:54Z,2022-08-26T22:36:54Z
1.53.45.15,,18403,FPT Telecom Company,VN,Ho Chi Minh City,dnsmasq-2.80,,false,1.00,2022-08-26T22:36:55Z,2022-08-26T22:36:55Z
1.53.46.186,,18403,FPT Telecom Company,VN,Ho Chi Minh City,dnsmasq-2.80,,false,1.00,2022-08-26T22:36:55Z,2022-08-26T22:36:55Z
1.53.85.50,,18403,FPT Telecom Company,VN,Ho Chi Minh City,dnsmasq-2.80,,false,1.00,2022-08-26T22:38:02Z,2022-08-26T22:38:02Z
1.53.92.209,,18403,FPT Telecom Company,VN,Hanoi,dnsmasq-2.80,,false,1.00,2022-08-26T22:38:17Z,2022-08-26T22:38:17Z
1.53.105.163,,18403,FPT Telecom Company,VN,Ho Chi Minh City,dnsmasq-2.80,,false,1.00,2022-08-26T22:38:35Z,2022-08-26T22:38:35Z
1.53.108.131,,18403,FPT Telecom Company,VN,Hanoi,dnsmasq-2.80,,false,1.00,2022-08-26T22:38:39Z,2022-08-26T22:38:39Z
1.53.110.69,,18403,FPT Telecom Company,VN,Hanoi,dnsmasq-2.80,,false,1.00,2022-08-26T22:38:42Z,2022-08-26T22:38:42Z
1.53.102.124,,18403,FPT Telecom Company,VN,Ho Chi Minh City,dnsmasq-2.80,,false,1.00,2022-08-26T22:38:44Z,2022-08-26T22:38:44Z
1.53.120.195,,18403,FPT Telecom Company,VN,Hanoi,dnsmasq-2.80,,false,1.00,2022-08-26T22:39:03Z,2022-08-26T22:39:03Z
1.53.124.77,,18403,FPT Telecom Company,VN,Ho Chi Minh City,,,false,1.00,2022-08-26T22:39:07Z,2022-08-26T22:39:07Z
1.53.130.226,,18403,FPT Telecom Company,VN,Hanoi,dnsmasq-2.80,,false,1.00,2022-08-26T22:39:16Z,2022-08-26T22:39:16Z
1.53.182.211,,18403,FPT Telecom Company,VN,Hanoi,dnsmasq-2.80,,false,1.00,2022-08-26T22:40:42Z,2022-08-26T22:40:42Z
1.53.183.201,,18403,FPT Telecom Company,VN,Hanoi,dnsmasq-2.80,,false,1.00,2022-08-26T22:40:42Z,2022-08-26T22:40:42Z
1.53.181.252,,18403,FPT Telecom Company,VN,Hanoi,dnsmasq-2.80,,false,1.00,2022-08-26T22:40:43Z,2022-08-26T22:40:43Z
1.53.202.197,,18403,FPT Telecom Company,VN,Ho Chi Minh City,dnsmasq-2.80,,false,1.00,2022-08-26T22:40:50Z,2022-08-26T22:40:50Z
1.53.190.244,,18403,FPT Telecom Company,VN,Hanoi,dnsmasq-2.80,,false,1.00,2022-08-26T22:40:56Z,2022-08-26T22:40:56Z
1.53.242.152,,18403,FPT Telecom Company,VN,Hanoi,dnsmasq-2.80,,false,1.00,2022-08-26T22:42:20Z,2022-08-26T22:42:20Z
1.53.242.193,,18403,FPT Telecom Company,VN,Hanoi,dnsmasq-2.80,,false,1.00,2022-08-26T22:42:21Z,2022-08-26T22:42:21Z
1.53.244.191,,18403,FPT Telecom Company,VN,Hanoi,dnsmasq-2.80,,false,1.00,2022-08-26T22:42:32Z,2022-08-26T22:42:32Z
1.54.9.145,,18403,FPT Telecom Company,VN,Hanoi,dnsmasq-2.80,,false,0.85,2022-08-31T07:23:53Z,2022-08-26T22:42:58Z
1.54.23.169,,18403,FPT Telecom Company,VN,Thuan An,dnsmasq-2.80,,false,0.75,2022-08-27T13:24:23Z,2022-08-26T22:43:20Z
1.54.69.136,,18403,FPT Telecom Company,VN,Ho Chi Minh City,dnsmasq-2.80,,false,1.00,2022-08-27T07:34:05Z,2022-08-26T22:44:37Z
1.54.70.8,,18403,FPT Telecom Company,VN,Ho Chi Minh City,dnsmasq-2.80,,false,1.00,2022-08-27T02:33:40Z,2022-08-26T22:44:37Z
1.54.90.45,,18403,FPT Telecom Company,VN,Hanoi,dnsmasq-2.80,,false,1.00,2022-08-27T02:33:40Z,2022-08-26T22:45:09Z
1.54.87.103,,18403,FPT Telecom Company,VN,Hanoi,dnsmasq-2.80,,false,1.00,2022-08-27T02:33:41Z,2022-08-26T22:45:11Z
1.54.104.164,,18403,FPT Telecom Company,VN,Ho Chi Minh City,dnsmasq-2.80,,false,1.00,2022-08-27T02:33:43Z,2022-08-26T22:45:31Z
1.54.104.211,,18403,FPT Telecom Company,VN,Ho Chi Minh City,dnsmasq-2.80,,false,1.00,2022-08-27T13:31:00Z,2022-08-26T22:45:31Z
1.54.115.101,,18403,FPT Telecom Company,VN,Hanoi,dnsmasq-2.80,,false,1.00,2022-08-27T02:34:11Z,2022-08-26T22:45:51Z
1.54.165.231,,18403,FPT Telecom Company,VN,Ho Chi Minh City,dnsmasq-2.80,,false,1.00,2022-08-26T22:47:11Z,2022-08-26T22:47:11Z
1.54.191.88,,18403,FPT Telecom Company,VN,Ho Chi Minh City,dnsmasq-2.80,,false,1.00,2022-08-26T22:47:56Z,2022-08-26T22:47:56Z
1.54.216.218,,18403,FPT Telecom Company,VN,Hanoi,dnsmasq-2.80,,false,1.00,2022-08-26T22:48:38Z,2022-08-26T22:48:38Z
1.54.216.117,,18403,FPT Telecom Company,VN,Hanoi,dnsmasq-2.80,,false,1.00,2022-08-26T22:48:39Z,2022-08-26T22:48:39Z
1.54.222.30,,18403,FPT Telecom Company,VN,Bien Hoa,dnsmasq-2.80,,false,1.00,2022-08-26T22:48:47Z,2022-08-26T22:48:47Z
1.54.234.128,,18403,FPT Telecom Company,VN,Ho Chi Minh City,dnsmasq-2.80,,false,1.00,2022-08-26T22:49:10Z,2022-08-26T22:49:10Z
1.54.243.108,,18403,FPT Telecom Company,VN,Buon Ma Thuot,dnsmasq-2.80,,false,1.00,2022-08-26T22:49:21Z,2022-08-26T22:49:21Z
1.55.19.213,,18403,FPT Telecom Company,VN,Hanoi,dnsmasq-2.80,,false,1.00,2022-08-26T22:50:17Z,2022-08-26T22:50:17Z
1.55.26.64,,18403,FPT Telecom Company,VN,Hanoi,dnsmasq-2.80,,false,1.00,2022-08-26T22:50:28Z,2022-08-26T22:50:28Z
1.55.58.8,,18403,FPT Telecom Company,VN,Ho Chi Minh City,,,false,1.00,2022-08-26T22:51:22Z,2022-08-26T22:51:22Z
1.55.79.227,,18403,FPT Telecom Company,VN,Hanoi,dnsmasq-2.80,,false,1.00,2022-08-26T22:51:56Z,2022-08-26T22:51:56Z
1.55.82.20,,18403,FPT Telecom Company,VN,Ho Chi Minh City,dnsmasq-2.80,,false,1.00,2022-08-26T22:52:00Z,2022-08-26T22:52:00Z
1.55.122.227,,18403,FPT Telecom Company,VN,Hanoi,dnsmasq-2.80,,false,1.00,2022-08-26T22:53:05Z,2022-08-26T22:53:05Z
1.55.123.241,,18403,FPT Telecom Company,VN,Thai Binh,dnsmasq-2.80,,false,1.00,2022-08-26T22:53:07Z,2022-08-26T22:53:07Z
1.55.122.179,,18403,FPT Telecom Company,VN,Hanoi,dnsmasq-2.80,,false,1.00,2022-08-26T22:53:08Z,2022-08-26T22:53:08Z
1.55.134.16,,18403,FPT Telecom Company,VN,Khu Pho Mot,dnsmasq-2.80,,false,1.00,2022-08-26T22:53:25Z,2022-08-26T22:53:25Z
1.55.162.40,,18403,FPT Telecom Company,VN,Hanoi,dnsmasq-2.80,,false,1.00,2022-08-26T22:54:14Z,2022-08-26T22:54:14Z
1.55.173.219,,18403,FPT Telecom Company,VN,Vinh,dnsmasq-2.80,,false,1.00,2022-08-26T22:54:30Z,2022-08-26T22:54:30Z
1.55.201.241,,18403,FPT Telecom Company,VN,Ho Chi Minh City,dnsmasq-2.80,,false,1.00,2022-08-26T22:55:18Z,2022-08-26T22:55:18Z
1.55.209.95,,18403,FPT Telecom Company,VN,Hanoi,dnsmasq-2.80,,false,1.00,2022-08-26T22:55:29Z,2022-08-26T22:55:29Z
1.55.236.80,,18403,FPT Telecom Company,VN,Hanoi,dnsmasq-2.80,,false,1.00,2022-08-26T22:56:13Z,2022-08-26T22:56:13Z
1.55.236.239,,18403,FPT Telecom Company,VN,Hanoi,dnsmasq-2.80,,false,1.00,2022-08-26T22:56:14Z,2022-08-26T22:56:14Z
1.55.236.250,,18403,FPT Telecom Company,VN,Hanoi,dnsmasq-2.80,,false,1.00,2022-08-26T22:56:17Z,2022-08-26T22:56:17Z
1.52.2.13,,18403,FPT Telecom Company,VN,Hai Duong,,,false,0.93,2022-09-01T18:23:51Z,2022-09-01T10:52:24Z
1.52.27.77,,18403,FPT Telecom Company,VN,Ho Chi Minh City,,,false,0.93,2022-09-03T02:24:40Z,2022-09-01T10:53:07Z
1.52.29.20,,18403,FPT Telecom Company,VN,Ho Chi Minh City,,,false,0.79,2022-09-03T21:25:31Z,2022-09-01T10:53:10Z
1.52.93.2,,18403,FPT Telecom Company,VN,Ho Chi Minh City,dnsmasq-2.80,,false,0.95,2022-09-03T18:35:26Z,2022-09-01T10:55:10Z
1.52.112.66,,18403,FPT Telecom Company,VN,Ho Chi Minh City,dnsmasq-2.80,,false,0.97,2022-09-02T11:26:23Z,2022-09-01T10:55:42Z
1.52.114.246,,18403,FPT Telecom Company,VN,Da Nang,dnsmasq-2.80,,false,1.00,2022-09-01T11:26:23Z,2022-09-01T10:55:47Z
1.52.176.165,,18403,FPT Telecom Company,VN,Ho Chi Minh City,dnsmasq-2.80,,false,0.75,2022-09-10T22:29:38Z,2022-09-01T10:57:44Z
1.52.220.121,,18403,FPT Telecom Company,VN,Yen Bai,dnsmasq-2.80,,false,0.80,2022-09-08T13:26:51Z,2022-09-01T10:58:58Z
1.52.225.64,,18403,FPT Telecom Company,VN,Ho Chi Minh City,,,false,0.80,2022-09-08T12:31:03Z,2022-09-01T10:59:06Z
1.52.233.2,,18403,FPT Telecom Company,VN,Hanoi,dnsmasq-2.80,,false,0.87,2022-09-03T11:26:23Z,2022-09-01T10:59:20Z
1.52.245.50,,18403,FPT Telecom Company,VN,Ho Chi Minh City,dnsmasq-2.80,,false,1.00,2022-09-01T13:39:20Z,2022-09-01T10:59:43Z
1.53.28.175,,18403,FPT Telecom Company,VN,Ho Chi Minh City,dnsmasq-2.80,,false,1.00,2022-09-01T11:30:21Z,2022-09-01T11:01:03Z
1.53.60.36,,18403,FPT Telecom Company,VN,Ho Chi Minh City,dnsmasq-2.80,,false,1.00,2022-09-01T11:30:22Z,2022-09-01T11:02:04Z
1.53.201.28,,18403,FPT Telecom Company,VN,Ho Chi Minh City,dnsmasq-2.80,,false,0.96,2022-09-02T19:35:05Z,2022-09-01T11:06:11Z
1.53.239.132,,18403,FPT Telecom Company,VN,Bien Hoa,dnsmasq-2.80,,false,0.85,2022-09-03T13:27:23Z,2022-09-01T11:07:24Z
1.54.3.56,,18403,FPT Telecom Company,VN,Ho Chi Minh City,dnsmasq-2.80,,false,1.00,2022-09-01T11:30:23Z,2022-09-01T11:07:56Z
1.54.18.172,,18403,FPT Telecom Company,VN,Thuan An,dnsmasq-2.80,,false,1.00,2022-09-01T11:30:28Z,2022-09-01T11:08:25Z
1.54.47.35,,18403,FPT Telecom Company,VN,Soc Trang,dnsmasq-2.80,,false,1.00,2022-09-01T12:30:37Z,2022-09-01T11:09:16Z
1.54.47.162,,18403,FPT Telecom Company,VN,Soc Trang,dnsmasq-2.80,,false,1.00,2022-09-01T12:30:38Z,2022-09-01T11:09:17Z
1.54.48.202,,18403,FPT Telecom Company,VN,Hanoi,dnsmasq-2.80,,false,1.00,2022-09-01T11:30:34Z,2022-09-01T11:09:19Z
1.54.60.8,,18403,FPT Telecom Company,VN,Hanoi,dnsmasq-2.80,,false,1.00,2022-09-01T12:30:38Z,2022-09-01T11:09:41Z
1.54.71.104,,18403,FPT Telecom Company,VN,Ho Chi Minh City,dnsmasq-2.80,,false,1.00,2022-09-01T11:30:35Z,2022-09-01T11:10:02Z
1.54.90.55,,18403,FPT Telecom Company,VN,Hanoi,dnsmasq-2.80,,false,1.00,2022-09-01T11:30:36Z,2022-09-01T11:10:35Z
1.54.90.196,,18403,FPT Telecom Company,VN,Hanoi,dnsmasq-2.80,,false,1.00,2022-09-01T11:30:36Z,2022-09-01T11:10:35Z
1.54.94.104,,18403,FPT Telecom Company,VN,Bien Hoa,dnsmasq-2.80,,false,1.00,2022-09-01T11:30:36Z,2022-09-01T11:10:41Z
1.54.104.151,,18403,FPT Telecom Company,VN,Ho Chi Minh City,dnsmasq-2.80,,false,1.00,2022-09-01T11:30:36Z,2022-09-01T11:10:58Z
1.54.108.13,,18403,FPT Telecom Company,VN,Ho Chi Minh City,dnsmasq-2.80,,false,1.00,2022-09-01T11:30:37Z,2022-09-01T11:11:05Z
1.54.132.185,,18403,FPT Telecom Company,VN,Thuan An,dnsmasq-2.80,,false,1.00,2022-09-01T11:30:37Z,2022-09-01T11:11:52Z
1.54.143.47,,18403,FPT Telecom Company,VN,Hai Duong,dnsmasq-2.80,,false,1.00,2022-09-01T11:30:37Z,2022-09-01T11:12:10Z
1.54.147.78,,18403,FPT Telecom Company,VN,Hanoi,dnsmasq-2.80,,false,1.00,2022-09-01T11:30:37Z,2022-09-01T11:12:16Z
1.54.161.245,,18403,FPT Telecom Company,VN,Ho Chi Minh City,dnsmasq-2.80,,false,1.00,2022-09-01T11:30:38Z,2022-09-01T11:12:45Z
1.54.168.218,,18403,FPT Telecom Company,VN,Ho Chi Minh City,dnsmasq-2.80,,false,1.00,2022-09-01T11:30:40Z,2022-09-01T11:13:00Z
1.54.168.215,,18403,FPT Telecom Company,VN,Ho Chi Minh City,dnsmasq-2.80,,false,1.00,2022-09-01T11:30:38Z,2022-09-01T11:13:01Z
1.54.174.73,,18403,FPT Telecom Company,VN,Phan Thiết,dnsmasq-2.80,,false,1.00,2022-09-01T11:30:38Z,2022-09-01T11:13:09Z
1.54.174.203,,18403,FPT Telecom Company,VN,Phan Thiết,dnsmasq-2.80,,false,1.00,2022-09-01T11:30:38Z,2022-09-01T11:13:10Z
1.54.184.47,,18403,FPT Telecom Company,VN,Ho Chi Minh City,dnsmasq-2.80,,false,1.00,2022-09-01T11:30:39Z,2022-09-01T11:13:25Z
1.54.183.163,,18403,FPT Telecom Company,VN,Ho Chi Minh City,dnsmasq-2.80,,false,1.00,2022-09-01T11:30:39Z,2022-09-01T11:13:39Z
1.54.191.168,,18403,FPT Telecom Company,VN,Ho Chi Minh City,dnsmasq-2.80,,false,1.00,2022-09-01T11:30:39Z,2022-09-01T11:13:43Z
1.54.216.81,,18403,FPT Telecom Company,VN,Hanoi,dnsmasq-2.80,,false,1.00,2022-09-01T11:30:39Z,2022-09-01T11:14:25Z
1.54.228.73,,18403,FPT Telecom Company,VN,Vinh,dnsmasq-2.80,,false,1.00,2022-09-01T11:30:39Z,2022-09-01T11:14:48Z
1.54.228.133,,18403,FPT Telecom Company,VN,Vinh,dnsmasq-2.80,,false,1.00,2022-09-01T11:30:39Z,2022-09-01T11:14:49Z
1.54.230.57,,18403,FPT Telecom Company,VN,Vinh,dnsmasq-2.80,,false,1.00,2022-09-01T11:30:39Z,2022-09-01T11:14:53Z
1.54.240.127,,18403,FPT Telecom Company,VN,Hanoi,dnsmasq-2.80,,false,1.00,2022-09-01T11:30:40Z,2022-09-01T11:15:09Z
1.55.3.75,,18403,FPT Telecom Company,VN,Ho Chi Minh City,dnsmasq-2.80,,false,1.00,2022-09-01T11:30:40Z,2022-09-01T11:15:46Z
1.55.2.137,,18403,FPT Telecom Company,VN,Ho Chi Minh City,dnsmasq-2.80,,false,1.00,2022-09-01T11:30:42Z,2022-09-01T11:15:46Z
1.55.62.183,,18403,FPT Telecom Company,VN,Ho Chi Minh City,dnsmasq-2.80,,false,1.00,2022-09-01T11:30:41Z,2022-09-01T11:17:33Z
1.55.74.13,,18403,FPT Telecom Company,VN,Hanoi,dnsmasq-2.80,,false,1.00,2022-09-01T11:30:41Z,2022-09-01T11:17:52Z
1.55.85.10,,18403,FPT Telecom Company,VN,Hanoi,dnsmasq-2.80,,false,1.00,2022-09-01T11:30:41Z,2022-09-01T11:18:13Z
1.55.114.104,,18403,FPT Telecom Company,VN,Huế,dnsmasq-2.80,,false,1.00,2022-09-01T12:30:46Z,2022-09-01T11:19:11Z
1.55.122.3,,18403,FPT Telecom Company,VN,Hanoi,dnsmasq-2.80,,false,1.00,2022-09-01T11:30:41Z,2022-09-01T11:19:22Z
1.55.162.35,,18403,FPT Telecom Company,VN,Hanoi,dnsmasq-2.80,,false,1.00,2022-09-01T11:30:42Z,2022-09-01T11:20:39Z
1.55.173.9,,18403,FPT Telecom Company,VN,Vinh,dnsmasq-2.80,,false,1.00,2022-09-01T11:30:42Z,2022-09-01T11:20:56Z
1.55.236.236,,18403,FPT Telecom Company,VN,Hanoi,dnsmasq-2.80,,false,1.00,2022-09-01T11:30:42Z,2022-09-01T11:22:52Z
1.55.237.73,,18403,FPT Telecom Company,VN,Hanoi,dnsmasq-2.80,,false,1.00,2022-09-01T11:30:42Z,2022-09-01T11:22:52Z
1.55.237.196,,18403,FPT Telecom Company,VN,Hanoi,dnsmasq-2.80,,false,1.00,2022-09-01T11:30:42Z,2022-09-01T11:22:53Z
14.187.164.194,static.vnpt.vn.,45899,VNPT Corp,VN,Ho Chi Minh City,,,false,1.00,2022-09-29T18:41:10Z,2022-09-29T07:21:04Z
14.186.106.210,static.vnpt.vn.,45899,VNPT Corp,VN,Ho Chi Minh City,,,false,1.00,2022-09-29T23:40:55Z,2022-09-29T22:31:35Z
123.20.231.155,,45899,VNPT Corp,VN,Ho Chi Minh City,,,true,1.00,2022-09-30T03:54:40Z,2022-09-30T03:54:40Z
203.210.197.159,adsl.hnpt.com.vn.,45899,VNPT Corp,VN,Vinh,,,false,1.00,2022-09-30T04:19:12Z,2022-09-30T04:19:12Z
222.254.206.71,static.vnpt.vn.,45899,VNPT Corp,VN,Ho Chi Minh City,,,false,1.00,2022-09-30T07:16:31Z,2022-09-30T07:16:31Z
171.246.136.220,dynamic-ip-adsl.viettel.vn.,7552,Viettel Group,VN,Thuan An,,,false,0.81,2022-10-13T10:51:43Z,2022-09-30T09:55:22Z
115.146.126.109,mail.nicvn.com.,38732,CMC Telecom Infrastructure Company,VN,,,,false,0.94,2022-10-08T12:31:23Z,2022-09-30T14:45:30Z
42.117.224.0,,18403,FPT Telecom Company,VN,Ninh Binh,dnsmasq-2.80,,false,1.00,2022-10-01T21:14:09Z,2022-10-01T21:14:09Z
1.54.158.251,,18403,FPT Telecom Company,VN,Da Lat,dnsmasq-2.80,,false,1.00,2022-10-02T04:08:17Z,2022-10-02T04:08:17Z
118.68.191.214,,18403,FPT Telecom Company,VN,Ho Chi Minh City,dnsmasq-2.80,,false,0.94,2022-10-04T10:39:34Z,2022-10-02T12:50:42Z
223.27.109.158,,56146,Global informatics solution corporation,VN,Thu Dau Mot,dnsmasq-2.78,,false,0.88,2022-10-03T13:32:23Z,2022-10-02T20:06:56Z
101.99.33.112,static.cmcti.vn.,45903,CMC Telecom Infrastructure Company,VN,Ho Chi Minh City,,,false,1.00,2022-10-03T11:10:07Z,2022-10-03T11:10:07Z
123.30.240.19,static.vnpt.vn.,45899,VNPT Corp,VN,,,,false,1.00,2022-10-03T11:20:18Z,2022-10-03T11:20:18Z
180.148.136.1,,45894,FPT Online JSC,VN,,,,false,0.88,2022-10-17T22:32:27Z,2022-10-04T13:02:10Z
103.199.17.158,,63734,365 Online technology joint stock company,VN,,,,true,0.96,2022-10-17T00:32:23Z,2022-10-07T03:24:57Z
221.132.28.18,,45899,VNPT Corp,VN,Bac Ninh,,,false,0.67,2022-12-06T23:22:02Z,2022-10-08T17:11:34Z
120.72.106.125,,24085,Quang Trung Software City Development Company,VN,,dnsmasq-2.62,,false,1.00,2022-10-12T02:25:45Z,2022-10-12T02:25:45Z
202.158.244.22,,135918,VIET DIGITAL TECHNOLOGY LIABILITY COMPANY,VN,Hanoi,,,false,1.00,2022-10-12T17:30:23Z,2022-10-12T02:57:37Z
171.239.246.110,dynamic-ip-adsl.viettel.vn.,7552,Viettel Group,VN,Bien Hoa,,,false,1.00,2022-10-12T11:39:40Z,2022-10-12T07:09:32Z
113.173.14.110,static.vnpt.vn.,45899,VNPT Corp,VN,Ho Chi Minh City,,,true,1.00,2022-10-12T11:35:51Z,2022-10-12T10:23:45Z
117.4.246.26,localhost.,7552,Viettel Group,VN,Hanoi,,,false,0.99,2022-10-20T15:30:53Z,2022-10-12T18:05:06Z
103.184.125.27,,149085,E-DATA TECHNOLOGY SERVICE COMPANY LIMITED,VN,,none,,false,1.00,2023-02-08T23:51:44Z,2022-10-12T23:25:19Z
183.80.15.47,,18403,FPT Telecom Company,VN,Hoc Mon,dnsmasq-2.80,,false,1.00,2022-10-17T11:31:51Z,2022-10-13T01:00:11Z
42.116.110.123,,18403,FPT Telecom Company,VN,Da Nang,dnsmasq-2.80,,false,0.99,2022-10-17T11:31:45Z,2022-10-13T02:52:39Z
183.81.42.31,,18403,FPT Telecom Company,VN,Hanoi,dnsmasq-2.80,,false,1.00,2022-10-13T10:12:19Z,2022-10-13T10:12:19Z
103.232.123.88,,56150,Viet Solutions Services Trading Company Limited,VN,,dnsmasq-pi-hole-2.87test8,,false,0.58,2022-10-23T07:31:22Z,2022-10-13T18:52:39Z
42.117.182.111,,18403,FPT Telecom Company,VN,Ho Chi Minh City,dnsmasq-2.80,,false,1.00,2022-10-14T10:53:04Z,2022-10-14T10:53:04Z
14.187.198.146,static.vnpt.vn.,45899,VNPT Corp,VN,Ho Chi Minh City,,,true,0.95,2022-10-17T22:32:38Z,2022-10-14T20:17:13Z
222.254.205.135,static.vnpt.vn.,45899,VNPT Corp,VN,Ho Chi Minh City,,,false,1.00,2022-10-15T21:21:40Z,2022-10-15T21:21:40Z
14.241.236.220,,45899,VNPT Corp,VN,Ho Chi Minh City,,,false,1.00,2023-02-08T23:54:51Z,2022-10-16T09:12:22Z
113.22.206.201,,18403,FPT Telecom Company,VN,Hanoi,dnsmasq-2.80,,false,1.00,2022-10-17T11:34:55Z,2022-10-17T11:31:25Z
120.72.86.154,,24085,Quang Trung Software City Development Company,VN,,,,false,1.00,2022-10-17T16:36:04Z,2022-10-17T15:46:39Z
113.161.41.210,static.vnpt.vn.,45899,VNPT Corp,VN,Ho Chi Minh City,dnsmasq-2.78-23-g9e09429,,false,1.00,2022-10-18T10:41:19Z,2022-10-18T02:26:00Z
183.80.71.26,,18403,FPT Telecom Company,VN,Ho Chi Minh City,dnsmasq-2.80,,false,1.00,2022-10-21T08:26:19Z,2022-10-21T08:26:19Z
14.163.110.40,static.vnpt.vn.,45899,VNPT Corp,VN,Thanh Hóa,,,true,1.00,2022-10-22T18:39:22Z,2022-10-21T09:53:33Z
103.109.39.79,,135942,Adsota Corporation,VN,,anonymous,,false,1.00,2022-10-22T00:22:43Z,2022-10-22T00:22:43Z
123.21.20.191,,45899,VNPT Corp,VN,Khu Pho Nam,,,true,1.00,2022-10-23T07:36:07Z,2022-10-22T11:43:15Z
123.25.13.91,static.vnpt-hanoi.com.vn.,45899,VNPT Corp,VN,Hanoi,,,false,1.00,2022-10-22T13:55:31Z,2022-10-22T13:55:31Z
113.22.195.30,,18403,FPT Telecom Company,VN,Ho Chi Minh City,dnsmasq-2.80,,false,1.00,2022-10-23T09:10:45Z,2022-10-23T09:10:45Z
42.113.236.98,,18403,FPT Telecom Company,VN,Can Tho,dnsmasq-2.80,,false,1.00,2022-10-27T07:36:20Z,2022-10-26T03:31:08Z
113.161.85.246,static.vnpt.vn.,45899,VNPT Corp,VN,Ho Chi Minh City,,,false,1.00,2022-10-26T03:46:14Z,2022-10-26T03:46:14Z
42.117.55.156,,18403,FPT Telecom Company,VN,Hanoi,dnsmasq-2.80,,false,1.00,2022-10-26T08:13:16Z,2022-10-26T08:13:16Z
113.22.93.236,,18403,FPT Telecom Company,VN,Ho Chi Minh City,dnsmasq-2.80,,false,1.00,2022-10-27T11:30:50Z,2022-10-26T21:46:07Z
1.52.15.126,,18403,FPT Telecom Company,VN,Tra Vinh,dnsmasq-2.80,,false,1.00,2022-10-27T04:59:14Z,2022-10-27T04:59:14Z
14.160.24.197,static.vnpt.vn.,45899,VNPT Corp,VN,Hanoi,,,false,0.23,2022-11-11T04:46:56Z,2022-10-27T13:27:14Z
118.70.156.22,,18403,FPT Telecom Company,VN,Hanoi,dnsmasq-2.80,,false,0.89,2022-11-12T22:35:22Z,2022-10-27T21:10:06Z
113.161.90.194,static.vnpt.vn.,45899,VNPT Corp,VN,Ho Chi Minh City,,,true,1.00,2022-10-30T03:35:51Z,2022-10-28T15:05:48Z
14.161.74.178,static.vnpt.vn.,45899,VNPT Corp,VN,Ho Chi Minh City,dnsmasq-2.49,,false,1.00,2022-11-01T21:45:19Z,2022-10-29T00:13:48Z
101.99.6.11,static.cmcti.vn.,45903,CMC Telecom Infrastructure Company,VN,Hanoi,,,false,1.00,2022-10-29T12:10:54Z,2022-10-29T12:10:54Z
14.186.101.11,static.vnpt.vn.,45899,VNPT Corp,VN,Ho Chi Minh City,,,false,1.00,2022-10-30T06:35:22Z,2022-10-30T04:24:42Z
27.72.58.161,,7552,Viettel Group,VN,Hanoi,,,false,1.00,2022-10-30T06:56:05Z,2022-10-30T06:56:05Z
113.177.126.198,static.vnpt.vn.,45899,VNPT Corp,VN,Thu Duc,dnsmasq-2.49,,false,1.00,2022-11-11T00:57:06Z,2022-10-30T09:28:49Z
113.161.163.169,static.vnpt.vn.,45899,VNPT Corp,VN,Ho Chi Minh City,,,false,0.33,2023-02-09T00:07:37Z,2022-10-30T20:41:52Z
103.139.160.12,,135974,National Power Transmission Corporation,VN,,,,false,1.00,2023-02-09T00:08:09Z,2022-10-31T17:55:38Z
113.160.234.38,static.vnpt.vn.,45899,VNPT Corp,VN,Ho Chi Minh City,,,false,1.00,2022-11-11T00:57:53Z,2022-11-03T07:12:38Z
14.239.34.208,static.vnpt.vn.,45899,VNPT Corp,VN,Hanoi,,,true,0.95,2022-11-11T00:58:47Z,2022-11-04T15:07:35Z
1.52.85.128,,18403,FPT Telecom Company,VN,Ho Chi Minh City,dnsmasq-2.80,,false,0.22,2022-11-11T00:58:48Z,2022-11-04T16:21:12Z
223.27.111.98,,56146,Global informatics solution corporation,VN,Thuan An,dnsmasq-2.78,,false,1.00,2022-11-11T03:01:55Z,2022-11-05T04:13:07Z
222.253.48.106,static.vnpt.vn.,45899,VNPT Corp,VN,Ho Chi Minh City,,,false,0.95,2022-11-11T03:40:39Z,2022-11-05T09:43:59Z
42.96.41.204,,45903,CMC Telecom Infrastructure Company,VN,,,,false,1.00,2022-11-11T00:59:47Z,2022-11-05T19:18:38Z
14.187.189.250,static.vnpt.vn.,45899,VNPT Corp,VN,Ho Chi Minh City,,,true,1.00,2022-11-11T00:59:50Z,2022-11-05T23:43:23Z
210.245.21.102,,18403,FPT Telecom Company,VN,Bien Hoa,,,false,0.99,2022-11-11T01:00:12Z,2022-11-06T12:47:43Z
42.113.118.12,,18403,FPT Telecom Company,VN,Hanoi,dnsmasq-2.80,,false,0.80,2022-11-11T01:00:21Z,2022-11-06T13:58:39Z
118.70.120.89,,18403,FPT Telecom Company,VN,Hanoi,dnsmasq-2.80,,false,1.00,2022-11-11T01:00:31Z,2022-11-06T21:00:08Z
103.179.187.226,,140803,"8, 195 Street, Thang Town, Hiep Hoa, Bac Giang, Viet Nam",VN,,,,true,0.86,2022-11-11T01:01:12Z,2022-11-07T20:01:42Z
113.160.184.102,static.vnpt.vn.,45899,VNPT Corp,VN,Hanoi,,,false,1.00,2022-11-11T01:02:36Z,2022-11-09T14:05:54Z
171.241.69.160,dynamic-adsl.viettel.vn.,7552,Viettel Group,VN,Hanoi,dnsmasq-2.86,,false,1.00,2022-11-11T01:02:26Z,2022-11-09T17:51:17Z
113.173.15.189,static.vnpt.vn.,45899,VNPT Corp,VN,Ho Chi Minh City,,,true,0.74,2022-11-13T11:41:21Z,2022-11-11T04:03:10Z
115.73.33.65,adsl.viettel.vn.,7552,Viettel Group,VN,Giong Rieng,,,false,1.00,2022-11-12T22:37:25Z,2022-11-12T20:59:11Z
103.238.212.3,ns2.bizmac.vn.,131428,Rainbow E-Commerce Company Limited,VN,,,,false,1.00,2023-02-25T20:47:29Z,2022-11-12T23:29:33Z
113.22.201.4,,18403,FPT Telecom Company,VN,Hoa Vang,,,true,1.00,2022-11-13T10:40:48Z,2022-11-13T01:55:56Z
113.160.155.57,static.vnpt.vn.,45899,VNPT Corp,VN,Bac Giang,,,false,0.73,2022-12-10T21:10:23Z,2022-11-13T18:02:50Z
117.2.120.239,dynamic-ip-adsl.viettel.vn.,7552,Viettel Group,VN,Da Nang,,,false,0.89,2023-02-28T02:47:33Z,2022-11-13T21:30:16Z
115.75.32.62,,7552,Viettel Group,VN,Thuan An,DNSServer,,false,1.00,2023-02-14T14:05:36Z,2022-11-14T01:02:59Z
113.186.240.97,static.vnpt.vn.,45899,VNPT Corp,VN,Nam Định,dnsmasq-2.52,,true,1.00,2023-02-09T00:22:13Z,2022-11-14T05:39:36Z
113.190.232.233,static.vnpt.vn.,45899,VNPT Corp,VN,Hanoi,dnsmasq-,,false,1.00,2023-02-09T00:21:51Z,2022-11-14T10:37:28Z
223.27.108.245,,56146,Global informatics solution corporation,VN,Thu Dau Mot,dnsmasq-2.78,,false,0.98,2022-12-01T09:40:07Z,2022-11-14T13:31:51Z
14.249.116.37,static.vnpt.vn.,45899,VNPT Corp,VN,Hanoi,,,true,1.00,2022-11-14T15:33:00Z,2022-11-14T15:33:00Z
117.4.123.134,localhost.,7552,Viettel Group,VN,Hanoi,,,false,1.00,2022-12-06T21:59:58Z,2022-11-15T01:14:04Z
103.20.146.147,,45552,DTS Telecom Company Limited,VN,,,,false,0.41,2023-02-17T05:00:55Z,2022-11-17T02:51:53Z
125.212.211.166,,38731,CHT Compamy Ltd,VN,Binh Tan,,,false,1.00,2022-12-06T22:02:02Z,2022-11-17T11:49:17Z
223.27.109.245,,56146,Global informatics solution corporation,VN,Thu Dau Mot,dnsmasq-2.78,,false,0.53,2023-02-16T23:57:59Z,2022-11-18T03:47:54Z
14.161.2.35,static.vnpt.vn.,45899,VNPT Corp,VN,Ho Chi Minh City,,,true,0.81,2022-12-06T22:02:39Z,2022-11-18T05:03:27Z
123.31.31.220,static.vnpt.vn.,135905,VIETNAM POSTS AND TELECOMMUNICATIONS GROUP,VN,,,,false,0.89,2023-02-09T13:29:30Z,2022-11-19T11:31:55Z
210.245.111.195,,18403,FPT Telecom Company,VN,Ho Chi Minh City,,,true,1.00,2023-02-10T22:33:18Z,2022-11-19T22:11:14Z
14.241.36.64,static.vnpt.vn.,45899,VNPT Corp,VN,Hanoi,,,true,1.00,2022-12-06T22:04:44Z,2022-11-20T13:08:47Z
113.190.129.24,static.vnpt.vn.,45899,VNPT Corp,VN,Bac Giang,,,false,0.53,2022-12-06T23:47:36Z,2022-11-21T13:02:43Z
14.241.244.1,wan01.saigontabac.com.,45899,VNPT Corp,VN,Ho Chi Minh City,9.11.36-RedHat-9.11.36-4.el8,,true,0.75,2023-02-26T00:58:01Z,2022-11-22T02:24:30Z
222.253.79.167,static.vnpt.vn.,45899,VNPT Corp,VN,Ho Chi Minh City,,,false,0.89,2023-02-13T12:51:31Z,2022-11-22T11:58:35Z
45.119.83.134,,131386,Long Van System Solution JSC,VN,,,,false,1.00,2023-02-26T13:51:39Z,2022-11-26T00:29:18Z
45.117.80.79,,131353,NhanHoa Software company,VN,,,,false,0.99,2022-12-06T23:52:15Z,2022-11-26T14:27:35Z
14.241.247.81,static.vnpt.vn.,45899,VNPT Corp,VN,Ho Chi Minh City,,,false,0.84,2022-12-06T23:52:44Z,2022-11-27T02:43:59Z
117.3.35.150,,7552,Viettel Group,VN,Da Nang,,,false,0.80,2022-12-06T23:53:19Z,2022-11-27T09:55:14Z
118.71.6.161,ip-address-pool-xxx.fpt.vn.,18403,FPT Telecom Company,VN,Hanoi,dnsmasq-2.80,,false,1.00,2022-12-06T23:53:12Z,2022-11-27T11:12:14Z
171.244.49.67,,38731,CHT Compamy Ltd,VN,Ho Chi Minh City,,,false,1.00,2022-12-06T23:54:59Z,2022-11-30T06:13:55Z
103.101.163.213,,131353,NhanHoa Software company,VN,,,,false,1.00,2023-02-09T00:30:44Z,2022-12-04T17:11:17Z
113.161.219.130,baclieu.dcs.vn.,45899,VNPT Corp,VN,Ca Mau,,,false,0.78,2023-02-25T21:02:24Z,2022-12-08T10:34:30Z
101.99.32.122,static.cmcti.vn.,45903,CMC Telecom Infrastructure Company,VN,Ho Chi Minh City,,,false,0.67,2023-02-15T15:52:00Z,2022-12-09T14:35:54Z
113.161.208.18,static.vnpt.vn.,45899,VNPT Corp,VN,Can Tho,,,false,0.80,2023-03-04T03:51:30Z,2022-12-09T22:21:28Z
14.241.102.103,,45899,VNPT Corp,VN,Haiphong,,,false,0.88,2023-02-19T19:57:13Z,2022-12-10T15:08:55Z
103.104.119.113,,63765,Ligh technology viet joint stock company,VN,,,,false,1.00,2023-02-20T04:59:08Z,2022-12-13T01:38:53Z
183.91.3.242,static.cmcti.vn.,45903,CMC Telecom Infrastructure Company,VN,Hanoi,,,false,0.82,2023-02-15T17:12:49Z,2022-12-13T05:13:42Z
117.2.80.119,dynamic-ip-adsl.viettel.vn.,7552,Viettel Group,VN,Bao Loc,,,false,0.83,2023-02-18T10:11:53Z,2022-12-13T14:24:29Z
118.69.239.142,,18403,FPT Telecom Company,VN,Ho Chi Minh City,dnsmasq-2.80,,false,0.95,2023-02-17T05:15:29Z,2022-12-16T05:06:39Z
123.31.29.217,static.vnpt.vn.,135905,VIETNAM POSTS AND TELECOMMUNICATIONS GROUP,VN,,,,false,0.91,2023-02-18T10:12:44Z,2022-12-19T17:18:03Z
223.27.110.149,,56146,Global informatics solution corporation,VN,Hoi An,dnsmasq-2.78,,false,0.90,2023-02-20T05:59:29Z,2022-12-21T15:51:40Z
14.241.212.181,static.vnpt.vn.,45899,VNPT Corp,VN,My Tho,,,false,0.96,2023-02-19T06:54:33Z,2022-12-24T20:53:06Z
115.79.43.165,,7552,Viettel Group,VN,Ho Chi Minh City,,,false,0.93,2023-02-19T06:55:11Z,2022-12-26T07:15:37Z
118.70.67.168,,18403,FPT Telecom Company,VN,Hanoi,dnsmasq-2.80,,false,0.90,2023-02-19T07:58:57Z,2022-12-29T07:56:33Z
113.161.89.134,static.vnpt.vn.,45899,VNPT Corp,VN,Ho Chi Minh City,,,false,0.94,2023-02-19T20:01:03Z,2022-12-31T20:09:03Z
113.160.227.32,static.vnpt.vn.,45899,VNPT Corp,VN,Da Nang,,,false,0.91,2023-02-19T20:00:58Z,2022-12-31T21:13:59Z
42.119.219.172,,18403,FPT Telecom Company,VN,Ho Chi Minh City,dnsmasq-2.80,,false,0.63,2023-02-19T20:01:09Z,2023-01-01T00:56:20Z
14.241.44.5,static.vnpt.vn.,45899,VNPT Corp,VN,Bac Ninh,,,false,0.90,2023-02-20T09:07:31Z,2023-01-02T10:36:47Z
113.176.112.100,static.vnpt.vn.,45899,VNPT Corp,VN,Thu Duc,dnsmasq-2.52,,true,0.33,2023-02-19T20:02:39Z,2023-01-03T01:01:11Z
14.161.18.54,static.vnpt.vn.,45899,VNPT Corp,VN,Ho Chi Minh City,UNKNOWN,,true,0.96,2023-02-20T05:02:38Z,2023-01-03T11:05:34Z
14.244.79.151,static.vnpt.vn.,45899,VNPT Corp,VN,Bac Ninh,,,false,0.96,2023-02-25T20:47:51Z,2023-02-19T07:09:00Z
14.224.160.248,static.vnpt.vn.,45899,VNPT Corp,VN,Da Nang,unbound 1.4.22,,false,1.00,2023-02-26T09:06:12Z,2023-02-19T09:46:45Z
118.70.121.142,,18403,FPT Telecom Company,VN,Hanoi,dnsmasq-2.80,,false,0.89,2023-02-28T18:48:02Z,2023-02-19T12:25:52Z
103.113.82.222,,135943,"Truong Minh Thinh Online Trading And Service Co., Ltd",VN,,dnsmasq-2.86,,false,1.00,2023-02-26T09:06:32Z,2023-02-19T19:48:46Z
14.178.144.53,static.vnpt.vn.,45899,VNPT Corp,VN,Tinh Vinh Phuc,,,false,0.83,2023-02-26T09:06:45Z,2023-02-19T23:09:38Z
113.175.227.240,static.vnpt.vn.,45899,VNPT Corp,VN,Haiphong,dnsmasq-2.75,,false,1.00,2023-02-26T09:06:58Z,2023-02-20T06:32:43Z
42.117.215.236,,18403,FPT Telecom Company,VN,Ho Chi Minh City,,,false,0.82,2023-02-26T09:07:42Z,2023-02-20T18:09:04Z
14.169.159.139,static.vnpt.vn.,45899,VNPT Corp,VN,Ho Chi Minh City,dnsmasq-2.49,,false,0.80,2023-02-26T09:08:16Z,2023-02-21T12:40:31Z
14.169.1.11,static.vnpt.vn.,45899,VNPT Corp,VN,Ho Chi Minh City,,,false,1.00,2023-02-26T09:08:17Z,2023-02-21T12:49:18Z
118.69.66.191,,18403,FPT Telecom Company,VN,Ho Chi Minh City,,,false,0.96,2023-02-26T09:08:19Z,2023-02-21T13:05:38Z
42.117.255.44,,18403,FPT Telecom Company,VN,Ho Chi Minh City,dnsmasq-2.80,,false,0.95,2023-02-26T09:08:27Z,2023-02-21T14:55:05Z
14.169.127.46,static.vnpt.vn.,45899,VNPT Corp,VN,Ho Chi Minh City,,,true,0.60,2023-02-26T09:08:31Z,2023-02-21T19:54:30Z
123.20.27.226,,45899,VNPT Corp,VN,Ho Chi Minh City,dnsmasq-2.49,,false,1.00,2023-02-26T09:08:33Z,2023-02-21T20:51:45Z
183.81.32.107,,18403,FPT Telecom Company,VN,Hanoi,,,true,1.00,2023-02-26T09:09:10Z,2023-02-22T14:04:28Z
112.213.87.76,mx8776.superdata.vn.,45544,SUPERDATA,VN,,,,false,0.93,2023-02-26T09:10:05Z,2023-02-23T12:11:13Z
113.176.83.196,static.vnpt.vn.,45899,VNPT Corp,VN,Tra Vinh,ZyWALL DNS,,false,0.99,2023-02-26T09:10:09Z,2023-02-23T16:05:21Z
42.117.109.0,,18403,FPT Telecom Company,VN,Hanoi,dnsmasq-2.80,,false,0.84,2023-03-03T21:49:23Z,2023-02-23T16:08:54Z
113.160.201.91,static.vnpt.vn.,45899,VNPT Corp,VN,Thai Binh,,,false,0.73,2023-02-27T16:58:33Z,2023-02-24T12:12:20Z
113.22.161.71,,18403,FPT Telecom Company,VN,Ho Chi Minh City,dnsmasq-2.80,,false,0.98,2023-02-27T16:58:53Z,2023-02-25T01:51:01Z
118.71.176.146,ip-address-pool-xxx.fpt.vn.,18403,FPT Telecom Company,VN,Ho Chi Minh City,dnsmasq-2.80,,false,1.00,2023-02-27T16:59:02Z,2023-02-25T05:39:10Z
27.77.186.16,localhost.,7552,Viettel Group,VN,Ho Chi Minh City,,,false,0.57,2023-02-27T16:59:34Z,2023-02-25T15:38:10Z
58.187.243.83,,18403,FPT Telecom Company,VN,Hanoi,dnsmasq-2.80,,false,0.97,2023-02-28T05:51:31Z,2023-02-26T14:20:25Z
171.250.47.253,dynamic-ip-adsl.viettel.vn.,7552,Viettel Group,VN,Ho Chi Minh City,,,false,0.89,2023-02-28T14:53:56Z,2023-02-26T21:26:23Z
223.27.108.116,,56146,Global informatics solution corporation,VN,Thu Dau Mot,,,false,0.99,2023-03-03T04:56:47Z,2023-02-28T00:49:49Z
117.2.137.78,dynamic-adsl.viettel.vn.,7552,Viettel Group,VN,Da Nang,,,false,1.00,2023-02-28T07:59:12Z,2023-02-28T04:20:39Z
1.53.41.212,,18403,FPT Telecom Company,VN,Ho Chi Minh City,dnsmasq-2.80,,false,0.97,2023-03-01T00:48:35Z,2023-02-28T06:25:23Z
203.119.8.106,nscache1.vnnic.net.vn.,23902,Vietnam Internet network information center VNNIC,VN,,Hum....m,,true,1.00,2023-03-01T22:48:46Z,2023-02-28T19:29:00Z
42.116.255.180,,18403,FPT Telecom Company,VN,Ho Chi Minh City,not available,,false,1.00,2023-03-01T03:48:00Z,2023-02-28T19:42:51Z
113.161.230.19,static.vnpt.vn.,45899,VNPT Corp,VN,Tan An,,,false,1.00,2023-03-01T22:48:27Z,2023-03-01T10:43:30Z
14.188.248.5,static.vnpt.vn.,45899,VNPT Corp,VN,Hanoi,,,true,1.00,2023-03-02T05:50:36Z,2023-03-02T01:45:53Z
222.252.237.27,static.vnpt.vn.,45899,VNPT Corp,VN,Tan Tien,,,true,0.88,2023-03-02T22:46:33Z,2023-03-02T07:15:55Z
14.190.247.169,static.vnpt.vn.,45899,VNPT Corp,VN,Hanoi,,,false,0.82,2023-03-03T21:57:02Z,2023-03-02T17:12:01Z
113.173.75.127,static.vnpt.vn.,45899,VNPT Corp,VN,Ho Chi Minh City,,,true,0.75,2023-03-02T20:45:04Z,2023-03-02T17:37:02Z
42.119.51.46,,18403,FPT Telecom Company,VN,Ho Chi Minh City,dnsmasq-2.80,,false,1.00,2023-03-04T03:45:05Z,2023-03-03T09:49:54Z
14.228.82.18,static.vnpt.vn.,45899,VNPT Corp,VN,Hai Duong,,,true,0.96,2023-03-05T06:48:52Z,2023-03-03T13:28:40Z
113.177.131.230,static.vnpt.vn.,45899,VNPT Corp,VN,Ho Chi Minh City,,,false,1.00,2023-03-03T15:29:16Z,2023-03-03T15:29:16Z
103.159.50.95,,131353,NhanHoa Software company,VN,,,,false,1.00,2023-03-04T10:46:50Z,2023-03-03T17:48:16Z
103.28.39.63,,131353,NhanHoa Software company,VN,,,,false,1.00,2023-03-11T12:47:13Z,2023-03-04T03:19:19Z
123.20.216.117,,45899,VNPT Corp,VN,Ho Chi Minh City,,,false,0.45,2023-03-05T08:49:52Z,2023-03-04T12:04:12Z
123.21.101.253,,45899,VNPT Corp,VN,Ho Chi Minh City,,,false,1.00,2023-03-04T17:46:14Z,2023-03-04T14:19:06Z
42.118.209.224,,18403,FPT Telecom Company,VN,Ho Chi Minh City,dnsmasq-2.80,,false,0.99,2023-03-08T22:51:44Z,2023-03-04T18:07:45Z
2001:dc8:1:2::106,,23902,Vietnam Internet network information center VNNIC,VN,,Hum....m,,true,1.00,2023-03-08T23:58:35Z,2023-03-05T02:12:44Z
223.27.110.105,,56146,Global informatics solution corporation,VN,Hoi An,dnsmasq-2.78,,false,0.95,2023-03-07T13:47:58Z,2023-03-05T13:09:37Z
2001:dc8:0:2::106,nscache1.vnnic.net.vn.,23902,Vietnam Internet network information center VNNIC,VN,,Hum....m,,true,0.98,2023-03-09T02:44:57Z,2023-03-06T07:16:19Z
113.161.30.2,static.vnpt.vn.,45899,VNPT Corp,VN,Kon Tum,,,false,0.94,2023-03-09T10:54:58Z,2023-03-08T22:06:14Z
42.118.56.248,,18403,FPT Telecom Company,VN,Hanoi,dnsmasq-2.80,,false,1.00,2023-03-09T08:45:21Z,2023-03-09T01:04:28Z
113.172.159.28,static.vnpt.vn.,45899,VNPT Corp,VN,Ho Chi Minh City,,,false,1.00,2023-03-09T21:51:07Z,2023-03-09T02:14:45Z
123.20.113.120,,45899,VNPT Corp,VN,Ho Chi Minh City,dnsmasq-2.49,,false,1.00,2023-03-09T08:45:20Z,2023-03-09T04:47:57Z
202.151.162.171,ci162-171.netnam.vn.,24173,Netnam Company,VN,,,,false,1.00,2023-03-10T04:44:48Z,2023-03-09T05:26:27Z
14.0.20.65,,24088,Hanoi Telecom Joint Stock Company - HCMC Branch,VN,Thai Binh,,,false,1.00,2023-03-11T00:46:13Z,2023-03-10T05:46:27Z
14.186.221.88,static.vnpt.vn.,45899,VNPT Corp,VN,Ho Chi Minh City,,,false,0.93,2023-03-11T00:46:07Z,2023-03-10T14:10:09Z
123.31.30.122,static.vnpt.vn.,135905,VIETNAM POSTS AND TELECOMMUNICATIONS GROUP,VN,,,,false,1.00,2023-03-11T12:45:45Z,2023-03-10T19:47:39Z
113.173.219.210,static.vnpt.vn.,45899,VNPT Corp,VN,Ho Chi Minh City,,,false,1.00,2023-03-11T10:44:46Z,2023-03-10T23:10:56Z
14.187.137.106,static.vnpt.vn.,45899,VNPT Corp,VN,Bien Hoa,,,false,0.80,2023-03-11T04:48:36Z,2023-03-11T03:14:58Z
113.173.93.227,static.vnpt.vn.,45899,VNPT Corp,VN,Ho Chi Minh City,,,true,0.90,2023-03-11T12:45:29Z,2023-03-11T07:06:48Z
125.212.237.1,,38731,CHT Compamy Ltd,VN,Hanoi,,,false,1.00,2023-03-12T18:50:16Z,2023-03-11T09:47:11Z
113.173.8.244,static.vnpt.vn.,45899,VNPT Corp,VN,Ho Chi Minh City,,,true,0.95,2023-03-14T17:45:22Z,2023-03-11T12:32:27Z
183.80.165.69,,18403,FPT Telecom Company,VN,Ho Chi Minh City,dnsmasq-2.80,,false,1.00,2023-03-13T08:44:53Z,2023-03-12T11:59:08Z
42.113.175.136,,18403,FPT Telecom Company,VN,Hanoi,dnsmasq-2.80,,false,1.00,2023-03-24T09:03:51Z,2023-03-12T17:39:13Z
14.231.228.148,static.vnpt.vn.,45899,VNPT Corp,VN,Hanoi,,,false,1.00,2023-03-13T04:45:40Z,2023-03-13T00:50:00Z
118.70.177.223,,18403,FPT Telecom Company,VN,Hanoi,,,false,1.00,2023-04-21T12:43:15Z,2023-03-13T00:58:17Z
113.160.247.10,static.vnpt.vn.,45899,VNPT Corp,VN,Da Nang,dnsmasq-2.52,,false,1.00,2023-03-13T01:02:04Z,2023-03-13T01:02:04Z
14.224.129.15,,45899,VNPT Corp,VN,Ho Chi Minh City,,,false,1.00,2023-03-13T04:44:57Z,2023-03-13T01:05:40Z
112.197.52.17,,45543,SaiGon Tourist cable Televition Company,VN,Ho Chi Minh City,,,false,1.00,2023-03-13T04:45:00Z,2023-03-13T01:07:34Z
58.187.28.102,,18403,FPT Telecom Company,VN,Hanoi,dnsmasq-2.80,,false,1.00,2023-03-13T08:44:53Z,2023-03-13T01:10:41Z
221.121.12.235,mail.dongtayland.vn.,7602,Sai gon Postel Corporation,VN,Ho Chi Minh City,,,false,1.00,2023-03-13T08:45:01Z,2023-03-13T01:19:38Z
42.113.97.218,,18403,FPT Telecom Company,VN,Ho Chi Minh City,dnsmasq-2.80,,false,1.00,2023-03-14T17:45:13Z,2023-03-13T01:21:26Z
42.113.175.19,,18403,FPT Telecom Company,VN,Hanoi,dnsmasq-2.80,,false,1.00,2023-03-13T04:45:42Z,2023-03-13T01:31:30Z
42.115.145.19,,18403,FPT Telecom Company,VN,Ho Chi Minh City,dnsmasq-2.80,,false,1.00,2023-03-13T04:45:46Z,2023-03-13T01:31:55Z
113.161.44.166,static.vnpt.vn.,45899,VNPT Corp,VN,Ho Chi Minh City,,,false,1.00,2023-03-13T04:45:53Z,2023-03-13T01:36:39Z
113.165.94.135,static.vnpt.vn.,45899,VNPT Corp,VN,Vũng Tàu,dnsmasq-2.52,,true,0.99,2023-04-20T15:40:51Z,2023-03-13T01:49:45Z
124.158.7.170,vietnampartners.com.,38732,CMC Telecom Infrastructure Company,VN,,,,false,1.00,2023-08-17T21:52:47Z,2023-03-13T01:54:51Z
1.54.115.229,,18403,FPT Telecom Company,VN,Hanoi,dnsmasq-2.80,,false,1.00,2023-03-13T02:00:32Z,2023-03-13T02:00:32Z
42.117.205.201,,18403,FPT Telecom Company,VN,Bien Hoa,,,false,1.00,2023-03-13T02:03:57Z,2023-03-13T02:03:57Z
42.118.92.153,,18403,FPT Telecom Company,VN,Hanoi,dnsmasq-2.80,,false,1.00,2023-03-13T02:05:40Z,2023-03-13T02:05:40Z
113.190.87.155,static.vnpt.vn.,45899,VNPT Corp,VN,Hanoi,dnsmasq-2.49,,false,1.00,2023-03-13T02:14:03Z,2023-03-13T02:14:03Z
42.117.180.25,,18403,FPT Telecom Company,VN,Da Nang,dnsmasq-2.80,,false,1.00,2023-03-13T04:45:35Z,2023-03-13T02:32:49Z
42.119.222.26,,18403,FPT Telecom Company,VN,Ho Chi Minh City,dnsmasq-2.80,,false,1.00,2023-03-13T04:45:49Z,2023-03-13T02:45:05Z
14.169.179.85,static.vnpt.vn.,45899,VNPT Corp,VN,Ho Chi Minh City,,,false,1.00,2023-03-13T04:48:09Z,2023-03-13T02:54:42Z
113.160.216.200,static.vnpt.vn.,45899,VNPT Corp,VN,Hanoi,dnsmasq-2.52,,true,1.00,2023-03-13T04:48:16Z,2023-03-13T02:57:22Z
1.52.158.87,,18403,FPT Telecom Company,VN,Hanoi,dnsmasq-2.80,,false,1.00,2023-03-13T04:48:30Z,2023-03-13T02:59:30Z
14.239.215.1,static.vnpt.vn.,45899,VNPT Corp,VN,Bac Ninh,dnsmasq-2.52,,false,1.00,2023-03-13T03:22:59Z,2023-03-13T03:22:59Z
123.30.154.39,static.vnpt.vn.,135905,VIETNAM POSTS AND TELECOMMUNICATIONS GROUP,VN,,,,false,1.00,2023-03-13T03:37:34Z,2023-03-13T03:37:34Z
1.53.215.247,,18403,FPT Telecom Company,VN,Ho Chi Minh City,dnsmasq-2.80,,false,1.00,2023-03-13T03:53:08Z,2023-03-13T03:53:08Z
210.245.74.29,,18403,FPT Telecom Company,VN,Hanoi,dnsmasq-2.80,,false,1.00,2023-03-13T03:59:57Z,2023-03-13T03:59:57Z
14.188.142.192,static.vnpt.vn.,45899,VNPT Corp,VN,Tinh Nghe An,dnsmasq-2.55,,false,1.00,2023-03-13T04:05:23Z,2023-03-13T04:05:23Z
223.27.110.214,,56146,Global informatics solution corporation,VN,Hoi An,dnsmasq-2.78,,false,1.00,2023-03-13T04:16:32Z,2023-03-13T04:16:32Z
125.212.253.41,,38731,CHT Compamy Ltd,VN,Hanoi,,,false,1.00,2023-03-13T04:24:57Z,2023-03-13T04:24:57Z
58.187.241.69,,18403,FPT Telecom Company,VN,Hanoi,dnsmasq-2.80,,false,1.00,2023-03-13T04:26:32Z,2023-03-13T04:26:32Z
58.187.63.33,,18403,FPT Telecom Company,VN,Ho Chi Minh City,dnsmasq-2.80,,false,1.00,2023-03-13T04:27:14Z,2023-03-13T04:27:14Z
171.235.210.165,dynamic-ip-adsl.viettel.vn.,7552,Viettel Group,VN,Ca Mau,,,false,1.00,2023-03-13T04:34:54Z,2023-03-13T04:34:54Z
101.99.14.240,static.cmcti.vn.,45903,CMC Telecom Infrastructure Company,VN,Hanoi,,,false,1.00,2023-03-13T04:41:25Z,2023-03-13T04:41:25Z
113.161.109.17,static.vnpt.vn.,45899,VNPT Corp,VN,Ho Chi Minh City,dnsmasq-2.52,,false,1.00,2023-03-13T04:45:49Z,2023-03-13T04:45:49Z
118.68.227.33,,18403,FPT Telecom Company,VN,My Tho,dnsmasq-2.80,,false,1.00,2023-03-13T04:47:25Z,2023-03-13T04:47:25Z
42.118.14.17,,18403,FPT Telecom Company,VN,Huế,DNSServer,,false,1.00,2023-03-13T07:46:54Z,2023-03-13T05:10:56Z
42.119.219.120,,18403,FPT Telecom Company,VN,Ho Chi Minh City,dnsmasq-2.80,,false,1.00,2023-03-13T08:45:31Z,2023-03-13T05:33:21Z
113.161.180.207,static.vnpt.vn.,45899,VNPT Corp,VN,Tay Ninh,unknown,,false,1.00,2023-03-13T07:47:07Z,2023-03-13T05:36:14Z
113.172.25.215,static.vnpt.vn.,45899,VNPT Corp,VN,Ho Chi Minh City,,,false,0.98,2023-03-14T17:44:54Z,2023-03-13T06:23:46Z
113.186.126.95,static.vnpt.vn.,45899,VNPT Corp,VN,Hanoi,dnsmasq-2.52,,false,1.00,2023-03-13T06:41:40Z,2023-03-13T06:41:40Z
125.212.207.115,,38731,CHT Compamy Ltd,VN,Ho Chi Minh City,,,false,1.00,2023-03-13T06:45:26Z,2023-03-13T06:45:26Z
42.119.159.237,,18403,FPT Telecom Company,VN,Ho Chi Minh City,,,false,1.00,2023-03-13T06:53:57Z,2023-03-13T06:53:57Z
42.117.51.185,,18403,FPT Telecom Company,VN,Ho Chi Minh City,dnsmasq-2.80,,false,1.00,2023-03-13T07:06:23Z,2023-03-13T07:06:23Z
113.160.38.121,static.vnpt-hanoi.com.vn.,45899,VNPT Corp,VN,Hanoi,,,false,1.00,2023-03-13T07:34:20Z,2023-03-13T07:34:20Z
42.113.168.154,,18403,FPT Telecom Company,VN,Hanoi,dnsmasq-2.80,,false,1.00,2023-03-13T07:35:21Z,2023-03-13T07:35:21Z
116.108.6.88,,7552,Viettel Group,VN,Ho Chi Minh City,,,false,1.00,2023-03-13T07:39:37Z,2023-03-13T07:39:37Z
118.68.154.217,,18403,FPT Telecom Company,VN,Bien Hoa,,,false,1.00,2023-03-13T08:06:05Z,2023-03-13T08:06:05Z
113.160.249.180,static.vnpt.vn.,45899,VNPT Corp,VN,Nha Trang,,,false,1.00,2023-03-13T08:15:40Z,2023-03-13T08:15:40Z
113.161.164.205,static.vnpt.vn.,45899,VNPT Corp,VN,Thu Dau Mot,,,false,1.00,2023-03-13T08:21:34Z,2023-03-13T08:21:34Z
27.79.74.113,localhost.,7552,Viettel Group,VN,Ho Chi Minh City,,,false,1.00,2023-03-13T08:32:58Z,2023-03-13T08:32:58Z
113.161.231.38,static.vnpt.vn.,45899,VNPT Corp,VN,Tan An,,,false,0.94,2023-03-14T17:45:00Z,2023-03-13T08:50:33Z
113.160.252.46,static.vnpt.vn.,45899,VNPT Corp,VN,Nha Trang,dnsmasq-2.79,,true,1.00,2023-03-14T17:45:11Z,2023-03-13T08:52:20Z
1.52.215.47,,18403,FPT Telecom Company,VN,Hanoi,dnsmasq-2.80,,false,1.00,2023-03-14T17:45:01Z,2023-03-13T08:57:10Z
113.160.115.42,static.vnpt.vn.,45899,VNPT Corp,VN,Ha Long,,,false,0.96,2023-03-14T09:46:14Z,2023-03-13T09:24:10Z
42.117.4.107,,18403,FPT Telecom Company,VN,Ho Chi Minh City,,,false,1.00,2023-03-14T17:45:37Z,2023-03-13T09:31:16Z
42.115.124.57,,18403,FPT Telecom Company,VN,Hanoi,dnsmasq-2.80,,false,1.00,2023-03-13T09:54:41Z,2023-03-13T09:54:41Z
118.70.21.70,,18403,FPT Telecom Company,VN,Hanoi,dnsmasq-2.80,,false,1.00,2023-03-13T09:55:55Z,2023-03-13T09:55:55Z
210.245.32.49,210-245-32-megaoff-static-ip.hcm.fpt.vn.,18403,FPT Telecom Company,VN,Ho Chi Minh City,,,false,1.00,2023-03-13T10:00:25Z,2023-03-13T10:00:25Z
203.162.51.55,static.vnpt.vn.,7643,Vietnam Posts and Telecommunications VNPT,VN,Bến Tre,,,false,1.00,2023-03-13T10:11:58Z,2023-03-13T10:11:58Z
115.146.122.234,mail.ffec.com.vn.,38732,CMC Telecom Infrastructure Company,VN,,Microsoft DNS 6.1.7601 (1DB15EC5),,false,1.00,2023-03-13T10:15:28Z,2023-03-13T10:15:28Z
223.27.110.31,,56146,Global informatics solution corporation,VN,Hoi An,dnsmasq-2.78,,false,1.00,2023-03-14T09:46:30Z,2023-03-13T10:33:12Z
14.238.32.22,static.vnpt.vn.,45899,VNPT Corp,VN,Hanoi,,,false,1.00,2023-03-13T11:28:25Z,2023-03-13T11:28:25Z
14.187.43.198,static.vnpt.vn.,45899,VNPT Corp,VN,Ho Chi Minh City,,,false,1.00,2023-03-13T11:40:25Z,2023-03-13T11:40:25Z
123.21.222.231,,45899,VNPT Corp,VN,Ho Chi Minh City,,,false,1.00,2023-03-13T11:54:28Z,2023-03-13T11:54:28Z
123.16.6.196,static.vnpt.vn.,45899,VNPT Corp,VN,Hanoi,,,false,1.00,2023-03-13T11:59:06Z,2023-03-13T11:59:06Z
14.253.198.161,static.vnpt.vn.,45899,VNPT Corp,VN,Hanoi,dnsmasq-2.52,,false,1.00,2023-03-13T12:01:04Z,2023-03-13T12:01:04Z
113.160.232.172,static.vnpt.vn.,45899,VNPT Corp,VN,Da Nang,,,false,1.00,2023-03-13T12:22:23Z,2023-03-13T12:22:23Z
42.114.152.53,,18403,FPT Telecom Company,VN,Ho Chi Minh City,dnsmasq-2.80,,false,1.00,2023-03-13T12:34:13Z,2023-03-13T12:34:13Z
118.69.156.72,,18403,FPT Telecom Company,VN,Ho Chi Minh City,dnsmasq-2.80,,false,1.00,2023-03-13T12:36:09Z,2023-03-13T12:36:09Z
180.148.5.8,,45557,Vietnam Technology and Telecommunication JSC,VN,Thuan An,dnsmasq-2.52,,false,1.00,2023-03-13T12:39:59Z,2023-03-13T12:39:59Z
1.54.70.149,,18403,FPT Telecom Company,VN,Bien Hoa,dnsmasq-2.80,,false,1.00,2023-03-13T12:43:59Z,2023-03-13T12:43:59Z
183.80.122.168,,18403,FPT Telecom Company,VN,Hanoi,dnsmasq-2.80,,false,1.00,2023-03-13T12:59:11Z,2023-03-13T12:59:11Z
118.69.65.41,,18403,FPT Telecom Company,VN,Ho Chi Minh City,,,false,1.00,2023-03-13T12:59:17Z,2023-03-13T12:59:17Z
103.166.183.152,103.166.183.152.cloudfly.vn.,135905,VIETNAM POSTS AND TELECOMMUNICATIONS GROUP,VN,Ho Chi Minh City,dnsmasq-2.76,,false,1.00,2023-03-13T13:47:19Z,2023-03-13T13:10:27Z
113.160.131.161,static.vnpt.vn.,45899,VNPT Corp,VN,Hanoi,,,false,1.00,2023-03-13T13:27:54Z,2023-03-13T13:27:54Z
222.254.160.221,static.vnpt.vn.,45899,VNPT Corp,VN,Ho Chi Minh City,,,false,1.00,2023-03-13T14:00:24Z,2023-03-13T14:00:24Z
123.21.180.74,,45899,VNPT Corp,VN,Ho Chi Minh City,dnsmasq-2.49,,false,1.00,2023-03-13T14:08:44Z,2023-03-13T14:08:44Z
118.71.78.21,ip-address-pool-xxx.fpt.vn.,18403,FPT Telecom Company,VN,Ho Chi Minh City,,,false,1.00,2023-03-13T14:41:59Z,2023-03-13T14:41:59Z
117.4.244.249,,7552,Viettel Group,VN,Hanoi,,,false,1.00,2023-03-13T14:46:44Z,2023-03-13T14:46:44Z
115.146.123.143,,38732,CMC Telecom Infrastructure Company,VN,,,,false,1.00,2023-03-13T15:06:33Z,2023-03-13T15:06:33Z
45.117.80.74,,131353,NhanHoa Software company,VN,,,,false,1.00,2023-03-13T15:09:19Z,2023-03-13T15:09:19Z
42.113.53.92,,18403,FPT Telecom Company,VN,Hanoi,dnsmasq-2.80,,false,1.00,2023-03-13T15:11:59Z,2023-03-13T15:11:59Z
171.229.208.128,dynamic-ip-adsl.viettel.vn.,7552,Viettel Group,VN,Hanoi,,,false,1.00,2023-03-14T04:50:54Z,2023-03-13T15:14:39Z
223.27.110.120,,56146,Global informatics solution corporation,VN,Hoi An,dnsmasq-2.78,,false,1.00,2023-03-13T15:30:21Z,2023-03-13T15:30:21Z
118.69.55.29,,18403,FPT Telecom Company,VN,Ho Chi Minh City,dnsmasq-2.80,,false,1.00,2023-03-13T15:32:49Z,2023-03-13T15:32:49Z
42.115.189.184,,18403,FPT Telecom Company,VN,Ho Chi Minh City,dnsmasq-2.80,,false,1.00,2023-03-13T15:45:07Z,2023-03-13T15:45:07Z
124.158.13.110,mail.1stcoffee.vn.,38733,CMC Telecom Infrastructure Company,VN,,,,false,1.00,2023-03-15T09:48:06Z,2023-03-13T16:01:22Z
183.81.67.36,,18403,FPT Telecom Company,VN,Ho Chi Minh City,dnsmasq-2.80,,false,1.00,2023-03-15T09:48:13Z,2023-03-13T16:09:38Z
223.27.110.49,,56146,Global informatics solution corporation,VN,Hoi An,dnsmasq-2.78,,false,1.00,2023-03-15T09:48:59Z,2023-03-13T17:15:11Z
223.27.111.40,,56146,Global informatics solution corporation,VN,Hoi An,dnsmasq-2.78,,false,1.00,2023-03-15T09:49:15Z,2023-03-13T17:42:14Z
183.80.97.117,,18403,FPT Telecom Company,VN,Ho Chi Minh City,dnsmasq-2.80,,false,1.00,2023-03-15T09:49:18Z,2023-03-13T17:43:53Z
123.30.210.134,static.vnpt.vn.,45899,VNPT Corp,VN,Ho Chi Minh City,,,false,1.00,2023-03-15T09:50:15Z,2023-03-13T19:06:14Z
118.68.220.200,,18403,FPT Telecom Company,VN,Ho Chi Minh City,dnsmasq-2.80,,false,1.00,2023-03-15T09:50:13Z,2023-03-13T19:10:56Z
14.241.120.205,,45899,VNPT Corp,VN,Da Nang,dnsmasq-2.52,,true,1.00,2023-03-15T09:50:31Z,2023-03-13T19:26:40Z
101.53.36.146,ci53.36-146.netnam.vn.,24173,Netnam Company,VN,Ho Chi Minh City,,,false,1.00,2023-03-15T09:50:30Z,2023-03-13T19:34:15Z
103.142.27.122,ip.tinohost.com.,135951,Webico Company Limited,VN,,,,false,1.00,2023-03-15T09:50:38Z,2023-03-13T19:45:58Z
183.81.32.106,,18403,FPT Telecom Company,VN,Hanoi,,,true,1.00,2023-03-15T09:51:12Z,2023-03-13T20:35:18Z
14.226.31.126,static.vnpt.vn.,45899,VNPT Corp,VN,Hanoi,DNSServer,,false,1.00,2023-03-15T09:51:27Z,2023-03-13T20:59:33Z
183.81.7.231,,18403,FPT Telecom Company,VN,Hanoi,dnsmasq-2.80,,false,1.00,2023-03-15T09:51:29Z,2023-03-13T21:04:46Z
1.55.95.200,,18403,FPT Telecom Company,VN,Ho Chi Minh City,dnsmasq-2.80,,false,1.00,2023-03-15T09:51:37Z,2023-03-13T21:13:52Z
210.245.8.9,,18403,FPT Telecom Company,VN,,,,false,1.00,2023-03-15T09:51:43Z,2023-03-13T21:25:42Z
14.186.186.73,static.vnpt.vn.,45899,VNPT Corp,VN,Ho Chi Minh City,dnsmasq-2.49,,false,1.00,2023-03-15T09:51:47Z,2023-03-13T21:30:50Z
183.91.184.18,ns2.gtelmiennam.vn.,131127,Global Telecom Corp,VN,Ho Chi Minh City,9.11.4-P2-RedHat-9.11.4-26.P2.el7_9.8,,true,1.00,2023-03-15T09:52:07Z,2023-03-13T22:00:43Z
115.146.127.181,,38732,CMC Telecom Infrastructure Company,VN,,,,false,1.00,2023-03-15T09:52:23Z,2023-03-13T22:26:31Z
113.176.101.209,static.vnpt.vn.,45899,VNPT Corp,VN,Da Nang,dnsmasq-2.52,,true,1.00,2023-03-15T09:52:27Z,2023-03-13T22:27:02Z
1.53.226.50,,18403,FPT Telecom Company,VN,Ho Chi Minh City,dnsmasq-2.80,,false,1.00,2023-03-15T09:52:38Z,2023-03-13T22:50:35Z
118.27.193.183,v118-27-193-183.pvqp.static.cnode.io.,131392,GMO-Z.com Runsystem Joint Stock Company,VN,,,,false,1.00,2023-03-15T09:52:42Z,2023-03-13T22:56:25Z
222.253.101.33,static.vnpt.vn.,45899,VNPT Corp,VN,Ho Chi Minh City,dnsmasq-2.49,,false,1.00,2023-03-15T09:52:43Z,2023-03-13T22:58:55Z
120.72.85.169,,24085,Quang Trung Software City Development Company,VN,,UNKNOWN,,true,1.00,2023-04-20T15:52:17Z,2023-03-13T23:12:24Z
103.176.179.201,,38731,CHT Compamy Ltd,VN,,,,false,1.00,2023-03-15T09:53:16Z,2023-03-13T23:43:21Z
118.70.126.240,,18403,FPT Telecom Company,VN,Hanoi,dnsmasq-2.80,,false,0.98,2023-05-04T04:48:13Z,2023-03-13T23:49:58Z
42.114.182.96,,18403,FPT Telecom Company,VN,Bac Ninh,,,false,1.00,2023-03-15T09:53:32Z,2023-03-14T00:06:07Z
42.119.106.127,,18403,FPT Telecom Company,VN,Hanoi,dnsmasq-2.80,,false,1.00,2023-03-15T09:53:33Z,2023-03-14T00:08:50Z
113.173.229.172,static.vnpt.vn.,45899,VNPT Corp,VN,Ho Chi Minh City,dnsmasq-2.49,,false,1.00,2023-03-15T09:53:33Z,2023-03-14T00:10:25Z
171.250.118.212,dynamic-adsl.viettel.vn.,7552,Viettel Group,VN,Ho Chi Minh City,,,false,1.00,2023-03-15T09:53:33Z,2023-03-14T00:11:29Z
118.69.226.29,118-69-226-29-static.hcm.fpt.vn.,18403,FPT Telecom Company,VN,Ho Chi Minh City,dnsmasq-2.80,,false,1.00,2023-03-15T09:53:42Z,2023-03-14T00:28:00Z
171.244.185.252,,7552,Viettel Group,VN,Ho Chi Minh City,,,false,1.00,2023-03-15T09:54:14Z,2023-03-14T01:18:41Z
58.187.241.198,,18403,FPT Telecom Company,VN,Hanoi,dnsmasq-2.80,,false,1.00,2023-03-15T09:54:17Z,2023-03-14T01:23:56Z
113.173.227.151,static.vnpt.vn.,45899,VNPT Corp,VN,Ho Chi Minh City,dnsmasq-2.52,,false,1.00,2023-03-26T22:05:24Z,2023-03-14T01:31:24Z
118.70.179.27,,18403,FPT Telecom Company,VN,Hanoi,,,false,1.00,2023-03-15T09:54:38Z,2023-03-14T01:55:38Z
14.169.146.192,static.vnpt.vn.,45899,VNPT Corp,VN,Ho Chi Minh City,dnsmasq-2.49,,false,1.00,2023-03-15T09:54:43Z,2023-03-14T02:04:28Z
38.54.31.5,,55320,KNODE TECHNOLOGY COMPANY LIMITED,VN,Hanoi,dnsmasq-2.85,,false,1.00,2023-03-15T09:54:47Z,2023-03-14T02:11:07Z
123.18.239.112,,45899,VNPT Corp,VN,Haiphong,,,false,1.00,2023-03-15T09:54:53Z,2023-03-14T02:13:32Z
223.27.108.93,,56146,Global informatics solution corporation,VN,Thu Dau Mot,dnsmasq-2.78,,false,1.00,2023-03-15T09:54:52Z,2023-03-14T02:17:10Z
183.80.134.97,,18403,FPT Telecom Company,VN,Pleiku,dnsmasq-2.80,,false,1.00,2023-03-14T02:45:14Z,2023-03-14T02:45:14Z
42.112.36.58,webmail36-58.vmms.vn.,18403,FPT Telecom Company,VN,Ho Chi Minh City,Microsoft DNS 6.1.7601 (1DB14556),,false,1.00,2023-03-14T03:17:07Z,2023-03-14T03:17:07Z
58.187.45.75,,18403,FPT Telecom Company,VN,Hanoi,,,false,1.00,2023-03-14T03:17:12Z,2023-03-14T03:17:12Z
222.254.172.21,static.vnpt.vn.,45899,VNPT Corp,VN,Ho Chi Minh City,,,false,1.00,2023-03-14T03:34:19Z,2023-03-14T03:34:19Z
14.169.93.34,static.vnpt.vn.,45899,VNPT Corp,VN,Ho Chi Minh City,dnsmasq-2.52,,false,1.00,2023-03-14T03:37:40Z,2023-03-14T03:37:40Z
14.161.22.187,static.vnpt.vn.,45899,VNPT Corp,VN,Ho Chi Minh City,,,false,1.00,2023-03-14T03:47:21Z,2023-03-14T03:47:21Z
118.69.134.83,,18403,FPT Telecom Company,VN,Ho Chi Minh City,,,false,1.00,2023-03-14T17:44:49Z,2023-03-14T03:52:24Z
45.118.146.235,,131414,Long Van Soft Solution JSC,VN,,,,false,1.00,2023-04-12T12:16:05Z,2023-03-14T04:01:12Z
14.232.243.10,static.vnpt.vn.,45899,VNPT Corp,VN,Dai Mo,,,true,1.00,2023-03-26T22:04:56Z,2023-03-14T04:02:23Z
113.179.177.252,static.vnpt.vn.,45899,VNPT Corp,VN,Ha Long,,,false,1.00,2023-03-14T04:10:01Z,2023-03-14T04:10:01Z
115.79.48.236,,7552,Viettel Group,VN,Ho Chi Minh City,,,false,1.00,2023-03-14T04:43:56Z,2023-03-14T04:43:56Z
14.178.164.76,static.vnpt.vn.,45899,VNPT Corp,VN,Thai Nguyen,,,false,1.00,2023-03-14T04:44:50Z,2023-03-14T04:44:50Z
183.80.105.155,,18403,FPT Telecom Company,VN,Haiphong,dnsmasq-2.80,,false,1.00,2023-03-14T04:48:26Z,2023-03-14T04:48:26Z
14.226.23.124,static.vnpt.vn.,45899,VNPT Corp,VN,Hanoi,,,false,1.00,2023-03-14T04:54:05Z,2023-03-14T04:54:05Z
1.55.16.255,,18403,FPT Telecom Company,VN,Bien Hoa,dnsmasq-2.80,,false,1.00,2023-03-14T05:50:26Z,2023-03-14T05:00:32Z
14.232.210.33,,45899,VNPT Corp,VN,Hanoi,,,false,1.00,2023-03-14T05:01:53Z,2023-03-14T05:01:53Z
42.118.24.114,,18403,FPT Telecom Company,VN,Ho Chi Minh City,,,false,1.00,2023-03-14T05:12:46Z,2023-03-14T05:12:46Z
14.241.121.133,,45899,VNPT Corp,VN,Da Nang,,,false,1.00,2023-03-14T05:38:16Z,2023-03-14T05:38:16Z
58.187.138.246,,18403,FPT Telecom Company,VN,Ho Chi Minh City,,,false,1.00,2023-03-14T05:53:03Z,2023-03-14T05:53:03Z
1.52.252.133,,18403,FPT Telecom Company,VN,Hanoi,dnsmasq-2.80,,false,1.00,2023-03-14T06:01:56Z,2023-03-14T06:01:56Z
210.245.54.79,,18403,FPT Telecom Company,VN,Hanoi,dnsmasq-2.80,,false,1.00,2023-03-14T06:04:51Z,2023-03-14T06:04:51Z
113.161.210.242,static.vnpt.vn.,45899,VNPT Corp,VN,Can Tho,,,false,1.00,2023-03-14T06:17:57Z,2023-03-14T06:17:57Z
42.113.149.107,,18403,FPT Telecom Company,VN,Binh Tan,dnsmasq-2.80,,false,1.00,2023-03-14T06:27:30Z,2023-03-14T06:27:30Z
42.115.58.200,,18403,FPT Telecom Company,VN,Thanh Hóa,dnsmasq-2.80,,false,1.00,2023-03-14T06:28:53Z,2023-03-14T06:28:53Z
113.161.17.80,static.vnpt.vn.,45899,VNPT Corp,VN,Tan Tien,dnsmasq-2.52,,false,1.00,2023-03-14T06:33:01Z,2023-03-14T06:33:01Z
120.138.73.88,,38244,VNG Corporation,VN,,,,true,1.00,2023-03-14T09:46:53Z,2023-03-14T06:52:04Z
58.186.147.13,,18403,FPT Telecom Company,VN,Hanoi,dnsmasq-2.80,,false,1.00,2023-03-14T09:46:54Z,2023-03-14T06:54:06Z
123.30.116.18,static.vnpt.vn.,45899,VNPT Corp,VN,Ho Chi Minh City,,,false,0.89,2023-04-20T15:51:41Z,2023-03-14T07:05:12Z
113.176.195.102,,45899,VNPT Corp,VN,Da Nang,dnsmasq-2.52,,true,1.00,2023-03-14T18:46:40Z,2023-03-14T07:45:02Z
42.114.25.174,,18403,FPT Telecom Company,VN,Ho Chi Minh City,dnsmasq-2.80,,false,0.75,2023-03-15T04:47:55Z,2023-03-14T08:40:45Z
115.72.234.69,adsl.viettel.vn.,7552,Viettel Group,VN,Ho Chi Minh City,,,false,1.00,2023-03-15T04:47:55Z,2023-03-14T08:40:57Z
113.160.130.190,static.vnpt.vn.,45899,VNPT Corp,VN,Hai Duong,,,false,1.00,2023-03-15T04:48:09Z,2023-03-14T08:57:41Z
42.118.226.35,,18403,FPT Telecom Company,VN,Ho Chi Minh City,dnsmasq-2.80,,false,1.00,2023-03-15T04:48:29Z,2023-03-14T09:36:56Z
113.161.71.132,static.vnpt.vn.,45899,VNPT Corp,VN,Ho Chi Minh City,,,false,1.00,2023-03-15T04:48:40Z,2023-03-14T09:54:39Z
113.161.151.250,static.vnpt.vn.,45899,VNPT Corp,VN,Ho Chi Minh City,,,false,1.00,2023-03-15T04:48:50Z,2023-03-14T10:11:42Z
14.225.74.23,,135905,VIETNAM POSTS AND TELECOMMUNICATIONS GROUP,VN,,,,false,1.00,2023-03-15T04:49:03Z,2023-03-14T10:15:47Z
113.178.52.150,static.vnpt.vn.,45899,VNPT Corp,VN,Hanoi,dnsmasq-2.49,,false,0.94,2023-03-15T04:49:04Z,2023-03-14T10:20:08Z
210.211.109.204,,38731,CHT Compamy Ltd,VN,,Microsoft DNS 6.1.7601 (1DB15F75),,false,1.00,2023-03-15T04:49:26Z,2023-03-14T11:13:17Z
42.116.30.81,,18403,FPT Telecom Company,VN,Ho Chi Minh City,dnsmasq-2.79,,true,1.00,2023-03-15T04:49:38Z,2023-03-14T11:38:20Z
1.52.151.70,,18403,FPT Telecom Company,VN,Da Lat,dnsmasq-2.80,,false,1.00,2023-03-15T04:49:40Z,2023-03-14T11:39:44Z
183.80.134.129,,18403,FPT Telecom Company,VN,Pleiku,dnsmasq-2.80,,false,1.00,2023-03-15T04:49:50Z,2023-03-14T11:55:15Z
27.72.158.135,dynamic-ip-adsl.viettel.vn.,7552,Viettel Group,VN,Thanh Hóa,,,false,1.00,2023-03-15T04:49:55Z,2023-03-14T12:01:28Z
1.53.175.134,,18403,FPT Telecom Company,VN,Ho Chi Minh City,dnsmasq-2.80,,false,1.00,2023-03-15T04:49:57Z,2023-03-14T12:10:31Z
118.70.126.51,,18403,FPT Telecom Company,VN,Hanoi,,,false,1.00,2023-03-15T04:49:59Z,2023-03-14T12:12:44Z
58.187.194.198,,18403,FPT Telecom Company,VN,Hanoi,dnsmasq-2.80,,false,1.00,2023-03-15T04:50:13Z,2023-03-14T12:36:48Z
113.22.201.32,,18403,FPT Telecom Company,VN,Hoa Vang,dnsmasq-2.80,,false,1.00,2023-03-15T04:50:15Z,2023-03-14T12:42:25Z
223.27.108.192,,56146,Global informatics solution corporation,VN,Thu Dau Mot,dnsmasq-2.78,,false,1.00,2023-03-15T04:50:34Z,2023-03-14T13:14:03Z
223.27.111.62,,56146,Global informatics solution corporation,VN,Hoi An,dnsmasq-2.78,,false,1.00,2023-03-15T04:50:41Z,2023-03-14T13:21:51Z
183.80.19.15,,18403,FPT Telecom Company,VN,Hanoi,dnsmasq-2.80,,false,1.00,2023-03-15T04:50:46Z,2023-03-14T13:39:44Z
222.252.30.59,static.vnpt-hanoi.com.vn.,45899,VNPT Corp,VN,Hanoi,,,false,1.00,2023-03-15T04:50:47Z,2023-03-14T13:42:20Z
123.20.202.2,,45899,VNPT Corp,VN,Ho Chi Minh City,dnsmasq-2.52,,false,1.00,2023-03-15T04:50:54Z,2023-03-14T13:58:46Z
210.245.89.30,,18403,FPT Telecom Company,VN,Hanoi,Microsoft DNS 6.1.7601 (1DB15D39),,false,1.00,2023-03-15T04:51:05Z,2023-03-14T14:17:45Z
101.99.41.41,static.cmcti.vn.,45903,CMC Telecom Infrastructure Company,VN,Bien Hoa,dnsmasq-2.75,,true,1.00,2023-03-15T04:51:12Z,2023-03-14T14:32:09Z
14.224.162.125,static.vnpt.vn.,45899,VNPT Corp,VN,Ho Chi Minh City,,,false,1.00,2023-03-15T04:51:14Z,2023-03-14T14:34:10Z
113.161.185.156,static.vnpt.vn.,45899,VNPT Corp,VN,Tinh Lam GJong,,,false,1.00,2023-03-15T04:51:14Z,2023-03-14T14:34:20Z
14.186.183.85,static.vnpt.vn.,45899,VNPT Corp,VN,Ho Chi Minh City,,,false,1.00,2023-03-15T04:51:15Z,2023-03-14T14:35:28Z
113.177.134.149,static.vnpt.vn.,45899,VNPT Corp,VN,Ho Chi Minh City,,,false,0.67,2023-03-15T04:51:22Z,2023-03-14T14:44:45Z
118.70.179.56,,18403,FPT Telecom Company,VN,Hanoi,,,false,1.00,2023-03-15T04:51:28Z,2023-03-14T14:56:10Z
14.186.60.153,static.vnpt.vn.,45899,VNPT Corp,VN,Ho Chi Minh City,dnsmasq-2.52,,true,0.83,2023-03-15T04:52:01Z,2023-03-14T15:14:59Z
118.69.126.44,,18403,FPT Telecom Company,VN,,,,false,1.00,2023-03-15T04:51:52Z,2023-03-14T15:30:23Z
116.109.56.175,,24086,Viettel Corporation,VN,Ho Chi Minh City,,,false,1.00,2023-03-15T04:51:56Z,2023-03-14T15:44:07Z
113.168.84.169,static.vnpt.vn.,45899,VNPT Corp,VN,Yen Bai,dnsmasq-2.52,,true,1.00,2023-03-15T04:51:57Z,2023-03-14T15:44:50Z
183.80.151.77,,18403,FPT Telecom Company,VN,Haiphong,dnsmasq-2.80,,false,1.00,2023-03-15T04:52:12Z,2023-03-14T16:05:42Z
42.115.229.3,,18403,FPT Telecom Company,VN,Ho Chi Minh City,,,false,1.00,2023-03-15T04:52:43Z,2023-03-14T16:49:00Z
42.118.37.221,,18403,FPT Telecom Company,VN,Hanoi,dnsmasq-2.80,,false,1.00,2023-03-15T04:52:59Z,2023-03-14T17:17:22Z
115.78.13.150,,7552,Viettel Group,VN,Ho Chi Minh City,,,false,1.00,2023-03-15T04:53:10Z,2023-03-14T17:26:54Z
14.187.140.93,static.vnpt.vn.,45899,VNPT Corp,VN,Ho Chi Minh City,,,false,1.00,2023-03-15T04:53:26Z,2023-03-14T17:46:20Z
171.249.38.223,dynamic-adsl.viettel.vn.,7552,Viettel Group,VN,Bac Lieu,,,false,0.88,2023-03-15T04:53:26Z,2023-03-14T17:50:20Z
183.81.79.149,,18403,FPT Telecom Company,VN,Ho Chi Minh City,dnsmasq-2.80,,false,1.00,2023-03-15T04:53:39Z,2023-03-14T18:10:56Z
183.80.11.103,,18403,FPT Telecom Company,VN,Da Nang,dnsmasq-2.80,,false,1.00,2023-03-15T04:53:49Z,2023-03-14T18:23:43Z
117.4.91.86,localhost.,7552,Viettel Group,VN,Hanoi,,,false,1.00,2023-03-15T04:53:58Z,2023-03-14T18:40:53Z
171.244.46.162,,38731,CHT Compamy Ltd,VN,,,,false,1.00,2023-03-15T04:54:11Z,2023-03-14T19:02:08Z
123.25.30.145,,45899,VNPT Corp,VN,Nam Định,,,false,1.00,2023-03-15T04:54:25Z,2023-03-14T19:03:51Z
123.21.42.165,,45899,VNPT Corp,VN,Ho Chi Minh City,,,false,1.00,2023-03-15T04:54:12Z,2023-03-14T19:05:57Z
14.161.42.37,static.vnpt.vn.,45899,VNPT Corp,VN,Ho Chi Minh City,,,false,1.00,2023-03-15T04:54:14Z,2023-03-14T19:07:44Z
118.68.249.192,,18403,FPT Telecom Company,VN,Ho Chi Minh City,dnsmasq-2.80,,false,1.00,2023-03-15T04:54:20Z,2023-03-14T19:15:36Z
222.254.169.36,static.vnpt.vn.,45899,VNPT Corp,VN,Ho Chi Minh City,,,false,1.00,2023-04-12T12:19:04Z,2023-03-14T19:21:14Z
210.245.52.37,210-245-52-fiber-net-static-ip.fpt.vn.,18403,FPT Telecom Company,VN,Hanoi,dnsmasq-2.80,,false,1.00,2023-03-15T08:47:32Z,2023-03-14T19:23:25Z
113.173.230.81,static.vnpt.vn.,45899,VNPT Corp,VN,Ho Chi Minh City,,,false,1.00,2023-03-15T04:54:32Z,2023-03-14T19:30:46Z
45.117.80.149,,131353,NhanHoa Software company,VN,,,,false,1.00,2023-03-15T08:46:23Z,2023-03-14T19:37:29Z
183.81.103.2,,18403,FPT Telecom Company,VN,Hanoi,dnsmasq-2.80,,false,1.00,2023-03-15T04:54:48Z,2023-03-14T20:06:56Z
118.69.157.184,,18403,FPT Telecom Company,VN,Ho Chi Minh City,,,false,1.00,2023-03-15T04:54:49Z,2023-03-14T20:09:02Z
42.112.243.23,,18403,FPT Telecom Company,VN,Hai Duong,FPT TELECOM,,false,1.00,2023-03-15T04:54:55Z,2023-03-14T20:18:53Z
113.160.178.142,static.vnpt.vn.,45899,VNPT Corp,VN,Hanoi,,,false,1.00,2023-03-15T04:55:12Z,2023-03-14T20:44:53Z
27.74.241.41,,7552,Viettel Group,VN,Ho Chi Minh City,,,false,1.00,2023-04-12T12:18:54Z,2023-03-14T21:13:56Z
42.115.233.52,,18403,FPT Telecom Company,VN,Bien Hoa,dnsmasq-2.80,,false,1.00,2023-03-15T09:57:12Z,2023-03-14T21:23:56Z
113.161.101.184,static.vnpt.vn.,45899,VNPT Corp,VN,Ho Chi Minh City,dnsmasq-2.79,,false,0.97,2023-03-18T02:45:25Z,2023-03-14T21:42:49Z
113.176.7.202,static.vnpt.vn.,45899,VNPT Corp,VN,Hanoi,UNKNOWN,,true,1.00,2023-03-15T09:57:31Z,2023-03-14T21:59:16Z
42.117.12.85,,18403,FPT Telecom Company,VN,Ho Chi Minh City,dnsmasq-2.80,,false,1.00,2023-03-15T09:57:42Z,2023-03-14T22:17:09Z
14.226.252.201,static.vnpt.vn.,45899,VNPT Corp,VN,Ho Chi Minh City,,,false,1.00,2023-03-15T09:57:54Z,2023-03-14T22:37:36Z
203.171.20.79,static.cmcti.vn.,45903,CMC Telecom Infrastructure Company,VN,Hanoi,,,false,1.00,2023-03-15T09:57:57Z,2023-03-14T22:42:31Z
120.72.85.167,,24085,Quang Trung Software City Development Company,VN,,UNKNOWN,,true,0.96,2023-04-20T15:51:48Z,2023-03-14T22:57:12Z
123.31.26.64,static.vnpt.vn.,45899,VNPT Corp,VN,,,,false,1.00,2023-03-15T09:58:09Z,2023-03-14T23:07:20Z
14.187.141.43,static.vnpt.vn.,45899,VNPT Corp,VN,Ho Chi Minh City,,,false,1.00,2023-03-18T02:46:42Z,2023-03-14T23:57:45Z
14.238.103.180,,45899,VNPT Corp,VN,Ho Chi Minh City,,,false,1.00,2023-03-18T02:47:16Z,2023-03-15T00:52:52Z
42.112.17.35,ex35.smart-shirts.com.vn.,18403,FPT Telecom Company,VN,Go Vap,,,false,1.00,2023-03-18T02:47:19Z,2023-03-15T01:01:39Z
113.160.178.190,static.vnpt.vn.,45899,VNPT Corp,VN,Hanoi,,,false,1.00,2023-03-18T02:47:55Z,2023-03-15T01:46:54Z
183.81.111.230,,18403,FPT Telecom Company,VN,Hanoi,dnsmasq-2.80,,false,1.00,2023-03-18T02:48:50Z,2023-03-15T03:34:18Z
42.114.139.53,,18403,FPT Telecom Company,VN,Ho Chi Minh City,dnsmasq-2.80,,false,1.00,2023-03-18T02:48:58Z,2023-03-15T03:43:09Z
223.27.110.152,,56146,Global informatics solution corporation,VN,Hoi An,dnsmasq-2.78,,false,1.00,2023-03-18T02:49:07Z,2023-03-15T03:55:22Z
113.161.58.171,static.vnpt.vn.,45899,VNPT Corp,VN,Ho Chi Minh City,dnsmasq-2.52,,true,1.00,2023-03-18T02:49:31Z,2023-03-15T04:24:29Z
116.193.73.1,73-1.static.v1server.com.,24085,Quang Trung Software City Development Company,VN,Ho Chi Minh City,,,false,1.00,2023-03-18T02:49:35Z,2023-03-15T04:44:39Z
123.16.163.36,static.vnpt.vn.,45899,VNPT Corp,VN,Hanoi,,,false,1.00,2023-03-18T02:49:44Z,2023-03-15T05:00:02Z
223.27.109.237,,56146,Global informatics solution corporation,VN,Thu Dau Mot,dnsmasq-2.78,,false,1.00,2023-03-18T02:49:52Z,2023-03-15T05:14:24Z
171.244.37.212,,38731,CHT Compamy Ltd,VN,,,,false,1.00,2023-03-18T02:50:06Z,2023-03-15T05:37:54Z
203.205.6.56,static.cmcti.vn.,45903,CMC Telecom Infrastructure Company,VN,Ho Chi Minh City,,,false,1.00,2023-03-18T02:50:14Z,2023-03-15T05:45:07Z
1.54.24.148,,18403,FPT Telecom Company,VN,Ho Chi Minh City,dnsmasq-2.80,,false,1.00,2023-03-18T02:50:20Z,2023-03-15T05:58:35Z
123.25.117.122,static.vdc.vn.,45899,VNPT Corp,VN,Hanoi,dnsmasq-2.52,,true,1.00,2023-03-18T02:50:20Z,2023-03-15T06:03:06Z
183.80.206.83,,18403,FPT Telecom Company,VN,Ho Chi Minh City,dnsmasq-2.80,,false,1.00,2023-03-18T02:50:29Z,2023-03-15T06:16:21Z
113.177.27.140,static.vnpt.vn.,45899,VNPT Corp,VN,Hanoi,,,false,1.00,2023-03-18T02:50:41Z,2023-03-15T06:37:28Z
115.77.169.149,adsl.viettel.vn.,7552,Viettel Group,VN,Vũng Tàu,,,false,1.00,2023-03-18T02:51:47Z,2023-03-15T08:32:11Z
112.213.86.184,mx86184.superdata.vn.,45544,SUPERDATA,VN,,,,false,1.00,2023-03-18T02:51:52Z,2023-03-15T08:38:35Z
117.2.18.50,dynamic-ip-adsl.viettel.vn.,7552,Viettel Group,VN,Quảng Ngãi,,,false,1.00,2023-03-18T02:52:02Z,2023-03-15T08:55:06Z
118.70.11.6,,18403,FPT Telecom Company,VN,Hanoi,dnsmasq-2.80,,false,0.98,2023-03-18T02:52:18Z,2023-03-15T09:23:49Z
45.125.239.112,static.ftech.vn.,140832,"Vietnam F Tech., JSC",VN,,Microsoft DNS 6.1.7601 (1DB1446A),,false,0.87,2023-03-18T02:52:23Z,2023-03-15T09:32:04Z
223.27.110.11,,56146,Global informatics solution corporation,VN,Hoi An,dnsmasq-2.78,,false,1.00,2023-03-18T02:52:39Z,2023-03-15T09:42:51Z
116.105.28.144,,24086,Viettel Corporation,VN,Hanoi,,,false,0.99,2023-03-18T02:52:30Z,2023-03-15T09:43:54Z
171.236.200.97,dynamic-adsl.viettel.vn.,7552,Viettel Group,VN,Haiphong,,,false,1.00,2023-03-18T02:52:36Z,2023-03-15T09:52:43Z
42.114.59.204,,18403,FPT Telecom Company,VN,Hanoi,dnsmasq-2.80,,false,1.00,2023-03-18T08:46:59Z,2023-03-15T10:04:06Z
42.117.165.19,,18403,FPT Telecom Company,VN,Hai Duong,dnsmasq-2.80,,false,1.00,2023-03-18T02:52:44Z,2023-03-15T10:08:10Z
171.249.182.80,dynamic-ip-adsl.viettel.vn.,7552,Viettel Group,VN,Ho Chi Minh City,,,false,1.00,2023-03-18T08:47:01Z,2023-03-15T10:35:12Z
27.71.225.202,,38731,CHT Compamy Ltd,VN,Hanoi,,,false,1.00,2023-03-18T02:53:12Z,2023-03-15T10:53:38Z
222.253.53.139,static.vnpt.vn.,45899,VNPT Corp,VN,Ho Chi Minh City,dnsmasq-*.*.*,,false,0.94,2023-03-18T02:53:24Z,2023-03-15T11:12:04Z
171.226.199.189,dynamic-ip-adsl.viettel.vn.,7552,Viettel Group,VN,Ho Chi Minh City,,,false,0.61,2023-03-18T02:53:26Z,2023-03-15T11:15:14Z
118.69.70.66,,18403,FPT Telecom Company,VN,Ho Chi Minh City,,,false,1.00,2023-03-18T02:53:29Z,2023-03-15T11:19:18Z
1.52.13.4,,18403,FPT Telecom Company,VN,Hanoi,dnsmasq-2.80,,false,1.00,2023-03-18T02:53:41Z,2023-03-15T11:41:38Z
42.115.95.104,,18403,FPT Telecom Company,VN,Ho Chi Minh City,,,false,1.00,2023-03-18T02:53:45Z,2023-03-15T11:43:09Z
118.71.146.194,ip-address-pool-xxx.fpt.vn.,18403,FPT Telecom Company,VN,Hanoi,dnsmasq-2.80,,false,1.00,2023-03-18T02:53:47Z,2023-03-15T11:50:24Z
183.80.249.113,,18403,FPT Telecom Company,VN,Hanoi,dnsmasq-2.80,,false,1.00,2023-03-18T02:54:03Z,2023-03-15T12:14:13Z
103.141.176.228,,63731,TIEN PHAT TECHNOLOGY CORPORATION,VN,Ho Chi Minh City,,,false,1.00,2023-03-18T02:54:08Z,2023-03-15T12:21:05Z
42.117.56.147,,18403,FPT Telecom Company,VN,Ho Chi Minh City,dnsmasq-2.80,,false,1.00,2023-03-18T02:54:13Z,2023-03-15T12:29:06Z
222.255.236.240,,45899,VNPT Corp,VN,,9.11.4-P2-RedHat-9.11.4-16.P2.el7_8.6,,true,1.00,2023-03-18T02:54:26Z,2023-03-15T12:32:15Z
123.30.116.84,static.vnpt.vn.,45899,VNPT Corp,VN,Ho Chi Minh City,,,false,0.94,2023-03-18T02:54:25Z,2023-03-15T12:40:21Z
42.116.251.203,,18403,FPT Telecom Company,VN,Quảng Ngãi,,,false,1.00,2023-03-18T02:54:23Z,2023-03-15T12:46:33Z
171.224.241.161,,7552,Viettel Group,VN,Ho Chi Minh City,,,false,1.00,2023-03-18T02:54:27Z,2023-03-15T12:53:48Z
210.245.51.210,210-245-51-office-net-static-ip.fpt.vn.,18403,FPT Telecom Company,VN,Hanoi,dnsmasq-2.80,,false,1.00,2023-03-18T02:54:33Z,2023-03-15T13:02:30Z
101.99.41.39,static.cmcti.vn.,45903,CMC Telecom Infrastructure Company,VN,Bien Hoa,dnsmasq-2.75,,true,0.93,2023-03-18T08:46:23Z,2023-03-15T13:11:31Z
118.69.246.104,,18403,FPT Telecom Company,VN,Ho Chi Minh City,,,false,1.00,2023-03-18T02:54:57Z,2023-03-15T13:42:13Z
103.170.122.111,,131353,NhanHoa Software company,VN,,,,false,1.00,2023-03-18T02:55:05Z,2023-03-15T13:46:44Z
183.80.29.209,,18403,FPT Telecom Company,VN,Ho Chi Minh City,dnsmasq-2.80,,false,1.00,2023-03-18T02:55:19Z,2023-03-15T14:22:43Z
223.27.109.248,,56146,Global informatics solution corporation,VN,Thu Dau Mot,dnsmasq-2.78,,false,1.00,2023-03-18T02:55:26Z,2023-03-15T14:36:51Z
14.232.199.166,static.vnpt.vn.,45899,VNPT Corp,VN,Hanoi,,,false,1.00,2023-03-18T02:55:38Z,2023-03-15T14:57:32Z
118.71.186.250,ip-address-pool-xxx.fpt.vn.,18403,FPT Telecom Company,VN,Ho Chi Minh City,dnsmasq-2.80,,false,1.00,2023-03-18T02:55:40Z,2023-03-15T15:01:24Z
180.148.5.119,,45557,Vietnam Technology and Telecommunication JSC,VN,Thuan An,,,false,1.00,2023-03-18T02:56:07Z,2023-03-15T15:49:12Z
183.91.4.69,static.cmcti.vn.,45903,CMC Telecom Infrastructure Company,VN,Hanoi,,,false,1.00,2023-03-18T02:56:18Z,2023-03-15T16:04:27Z
27.64.208.189,localhost.,7552,Viettel Group,VN,Ho Chi Minh City,,,false,1.00,2023-03-18T02:56:21Z,2023-03-15T16:13:52Z
42.115.19.234,,18403,FPT Telecom Company,VN,Ho Chi Minh City,dnsmasq-2.80,,false,1.00,2023-03-18T02:56:24Z,2023-03-15T16:17:19Z
223.27.110.106,,56146,Global informatics solution corporation,VN,Hoi An,dnsmasq-2.78,,false,1.00,2023-03-18T02:56:49Z,2023-03-15T17:04:14Z
14.241.235.91,,45899,VNPT Corp,VN,Ho Chi Minh City,,,false,1.00,2023-04-05T00:35:23Z,2023-03-15T18:34:39Z
113.175.4.16,static.vnpt.vn.,45899,VNPT Corp,VN,Nam Định,,,false,1.00,2023-04-05T00:36:24Z,2023-03-15T20:14:46Z
118.70.129.119,,18403,FPT Telecom Company,VN,Hanoi,,,false,1.00,2023-04-05T00:38:39Z,2023-03-15T23:44:17Z
115.73.220.183,adsl.viettel.vn.,7552,Viettel Group,VN,Ho Chi Minh City,dnsmasq-2.76,,false,0.82,2023-04-10T18:11:01Z,2023-03-16T00:13:45Z
113.163.222.44,static.vnpt.vn.,45899,VNPT Corp,VN,Vũng Tàu,,,false,0.96,2023-04-05T00:39:00Z,2023-03-16T00:19:06Z
103.170.123.146,,131353,NhanHoa Software company,VN,,,,false,0.85,2023-04-10T18:11:19Z,2023-03-16T01:43:37Z
103.126.153.203,,100,FMC-CTC,VN,,,,false,1.00,2023-04-05T00:41:57Z,2023-03-16T04:47:49Z
14.241.234.222,,45899,VNPT Corp,VN,Ho Chi Minh City,,,false,0.97,2023-04-05T00:43:22Z,2023-03-16T07:14:52Z
113.160.226.179,static.vnpt.vn.,45899,VNPT Corp,VN,Da Nang,,,false,1.00,2023-04-05T00:45:05Z,2023-03-16T09:58:57Z
210.2.86.130,,24085,Quang Trung Software City Development Company,VN,,,,false,0.84,2023-04-10T04:12:05Z,2023-03-16T11:47:56Z
103.179.191.130,,38731,CHT Compamy Ltd,VN,,,,false,0.83,2023-04-19T19:35:59Z,2023-03-16T12:19:44Z
113.22.113.64,,18403,FPT Telecom Company,VN,Ho Chi Minh City,,,false,0.75,2023-04-19T19:36:03Z,2023-03-16T12:24:22Z
113.160.97.211,static.vnpt.vn.,45899,VNPT Corp,VN,Haiphong,,,false,1.00,2023-04-19T19:36:50Z,2023-03-16T13:46:13Z
112.78.1.53,,45538,ODS Joint Stock Company,VN,,,,false,0.83,2023-04-19T19:37:15Z,2023-03-16T14:28:17Z
113.164.80.4,,45899,VNPT Corp,VN,Hanoi,,,false,0.67,2023-04-19T19:37:43Z,2023-03-16T15:13:57Z
118.70.136.12,,18403,FPT Telecom Company,VN,Hanoi,dnsmasq-2.62,,false,0.57,2023-04-19T19:38:22Z,2023-03-16T16:19:09Z
14.241.225.212,static.vnpt.vn.,45899,VNPT Corp,VN,Ho Chi Minh City,,,false,0.93,2023-04-19T19:38:37Z,2023-03-16T16:43:48Z
113.161.180.214,static.vnpt.vn.,45899,VNPT Corp,VN,Tay Ninh,unknown,,false,0.53,2023-04-19T19:38:46Z,2023-03-16T16:58:35Z
115.79.125.57,adsl.viettel.vn.,7552,Viettel Group,VN,Tra Vinh,,,false,0.58,2023-04-19T19:38:55Z,2023-03-16T17:12:15Z
14.161.21.117,static.vnpt.vn.,45899,VNPT Corp,VN,Ho Chi Minh City,,,false,0.65,2023-04-19T19:39:02Z,2023-03-16T17:27:36Z
113.160.222.167,static.vnpt.vn.,45899,VNPT Corp,VN,Ho Chi Minh City,dnsmasq-2.52,,false,0.61,2023-04-19T19:39:10Z,2023-03-16T17:36:55Z
101.99.36.200,static.cmcti.vn.,45903,CMC Telecom Infrastructure Company,VN,Ho Chi Minh City,,,false,0.88,2023-04-19T19:39:18Z,2023-03-16T17:49:19Z
113.160.117.38,static.vnpt.vn.,45899,VNPT Corp,VN,Ha Long,dnsmasq-2.52,,true,0.67,2023-04-19T19:39:29Z,2023-03-16T18:08:01Z
116.118.97.55,,7602,Sai gon Postel Corporation,VN,Ho Chi Minh City,,,false,0.58,2023-04-19T19:39:50Z,2023-03-16T18:37:25Z
14.241.251.63,static.vnpt.vn.,45899,VNPT Corp,VN,Ho Chi Minh City,,,false,0.69,2023-04-19T19:39:59Z,2023-03-16T18:54:17Z
123.25.1.66,static.vnpt-hanoi.com.vn.,45899,VNPT Corp,VN,Hanoi,,,false,0.96,2023-04-19T19:40:11Z,2023-03-16T19:14:10Z
203.205.29.68,static.cmcti.vn.,45903,CMC Telecom Infrastructure Company,VN,Ho Chi Minh City,,,false,0.96,2023-04-19T19:40:15Z,2023-03-16T19:20:24Z
210.245.21.123,,18403,FPT Telecom Company,VN,,,,true,0.96,2023-04-19T19:40:52Z,2023-03-16T20:11:08Z
113.161.197.255,static.vnpt.vn.,45899,VNPT Corp,VN,Tra Vinh,dnsmasq-2.52,,false,0.68,2023-04-19T19:41:11Z,2023-03-16T20:42:35Z
222.252.14.239,static.vnpt-hanoi.com.vn.,45899,VNPT Corp,VN,Hanoi,,,false,0.97,2023-04-21T17:42:13Z,2023-03-16T22:19:37Z
14.225.16.66,,135905,VIETNAM POSTS AND TELECOMMUNICATIONS GROUP,VN,,,,false,0.68,2023-04-21T21:44:31Z,2023-03-17T00:32:40Z
123.25.129.97,static.vdc.vn.,45899,VNPT Corp,VN,Tan An,dnsmasq-2.52,,false,0.72,2023-04-21T21:45:37Z,2023-03-17T02:18:45Z
14.160.87.86,static.vnpt.vn.,45899,VNPT Corp,VN,,dnsmasq-2.79,,true,0.75,2023-04-21T21:46:21Z,2023-03-17T03:50:13Z
123.25.116.29,static.vdc.vn.,45899,VNPT Corp,VN,Hanoi,9.9.2-P2,,false,0.49,2023-04-21T21:46:44Z,2023-03-17T03:55:02Z
14.224.147.106,,45899,VNPT Corp,VN,Hanoi,,,false,0.75,2023-04-21T21:47:07Z,2023-03-17T05:11:24Z
113.161.169.161,static.vnpt.vn.,45899,VNPT Corp,VN,Tinh Binh Duong,,,false,0.75,2023-04-21T21:47:28Z,2023-03-17T05:37:39Z
118.70.129.76,,18403,FPT Telecom Company,VN,Hanoi,,,false,0.93,2023-04-21T21:47:28Z,2023-03-17T05:42:29Z
115.146.120.140,dns1.cmctelecom.vn.,38732,CMC Telecom Infrastructure Company,VN,,9.11.4-P2-RedHat-9.11.4-26.P2.el7_9.13,,true,0.77,2023-04-21T21:47:45Z,2023-03-17T06:13:34Z
203.205.50.200,static.cmcti.vn.,45903,CMC Telecom Infrastructure Company,VN,Da Nang,dnsmasq-2.79,,true,0.75,2023-04-21T21:47:49Z,2023-03-17T06:18:12Z
113.160.250.45,static.vnpt.vn.,45899,VNPT Corp,VN,Ho Chi Minh City,,,false,0.77,2023-04-21T21:48:00Z,2023-03-17T06:44:56Z
203.209.181.154,,24088,Hanoi Telecom Joint Stock Company - HCMC Branch,VN,,,,false,0.73,2023-04-21T21:48:10Z,2023-03-17T07:00:05Z
123.25.85.202,static.vdc.vn.,45899,VNPT Corp,VN,Haiphong,,,false,0.75,2023-04-21T21:48:26Z,2023-03-17T07:24:58Z
113.161.228.6,static.vnpt.vn.,45899,VNPT Corp,VN,Tan An,,,false,0.89,2023-04-21T21:48:28Z,2023-03-17T07:26:48Z
171.244.22.6,,38731,CHT Compamy Ltd,VN,,Microsoft DNS 6.1.7601 (1DB15B4F),,false,0.78,2023-04-21T21:48:46Z,2023-03-17T07:54:05Z
118.70.128.191,,18403,FPT Telecom Company,VN,Hanoi,dnsmasq-2.80,,false,0.78,2023-04-21T21:48:52Z,2023-03-17T08:02:51Z
223.27.110.177,,56146,Global informatics solution corporation,VN,Hoi An,dnsmasq-2.78,,false,0.78,2023-04-21T21:49:01Z,2023-03-17T08:14:56Z
113.161.44.82,static.vnpt.vn.,45899,VNPT Corp,VN,Ho Chi Minh City,,,false,0.83,2023-04-21T21:49:53Z,2023-03-17T09:36:55Z
14.224.131.239,static.vnpt.vn.,45899,VNPT Corp,VN,Ho Chi Minh City,,,false,0.76,2023-05-08T07:51:17Z,2023-03-17T13:29:58Z
210.211.101.84,,38731,CHT Compamy Ltd,VN,,,,false,0.62,2023-05-08T07:52:38Z,2023-03-17T15:42:01Z
113.160.203.246,static.vnpt.vn.,45899,VNPT Corp,VN,Ninh Binh,,,false,0.75,2023-05-12T00:48:54Z,2023-03-17T17:40:59Z
123.24.142.183,,45899,VNPT Corp,VN,Hanoi,,,false,0.38,2023-05-12T00:49:42Z,2023-03-17T19:23:16Z
210.245.33.106,210-245-33-megaoff-static-ip.hcm.fpt.vn.,18403,FPT Telecom Company,VN,Ho Chi Minh City,dnsmasq-2.80,,false,1.00,2023-08-12T20:55:31Z,2023-03-18T00:50:04Z
123.21.36.172,,45899,VNPT Corp,VN,Ho Chi Minh City,dnsmasq-2.52,,false,1.00,2023-08-12T20:59:30Z,2023-03-18T08:05:27Z
1.52.240.107,,18403,FPT Telecom Company,VN,Ho Chi Minh City,dnsmasq-2.80,,false,0.15,2023-08-17T15:54:23Z,2023-03-19T03:52:23Z
221.133.9.164,,7602,Sai gon Postel Corporation,VN,Hai Duong,dnsmasq-2.47,,true,0.92,2023-08-17T15:55:22Z,2023-03-19T05:55:19Z
115.79.214.147,,7552,Viettel Group,VN,Ho Chi Minh City,,,false,0.68,2023-08-17T20:53:44Z,2023-03-19T12:34:06Z
223.27.111.70,,56146,Global informatics solution corporation,VN,Qui Nhon,dnsmasq-2.78,,false,1.00,2023-08-17T21:53:46Z,2023-03-19T13:22:21Z
45.117.80.109,,131353,NhanHoa Software company,VN,,,,false,0.91,2023-08-17T21:55:49Z,2023-03-19T18:02:49Z
42.113.56.11,,18403,FPT Telecom Company,VN,Ho Chi Minh City,dnsmasq-2.80,,false,0.72,2023-08-17T21:59:15Z,2023-04-07T02:11:00Z
14.224.156.167,static.vnpt.vn.,45899,VNPT Corp,VN,Hanoi,,,false,1.00,2023-08-17T22:00:22Z,2023-04-09T23:25:55Z
113.190.253.229,static.vnpt.vn.,45899,VNPT Corp,VN,Hanoi,,,false,0.78,2023-08-17T21:15:38Z,2019-05-31T16:53:45Z
